seqnames	start	end	width	strand	paramRangeID	REF	ALT	QUAL	FILTER	deleted	five_prime_flank	three_prime_flank	microhomology_length	is_microhomology
1	109575	109579	5	*	NA	CGTGT	C	0	PASS	GTGT	ATTTTTCAAGGTACATGTGTGTATGC	GTGTGTGTGTGTGTGTGTGTGTGTGT	4	TRUE
1	1070209	1070210	2	*	NA	GA	G	0	PASS	A	AGGCTGCAGCCCCTCTCAGGAGGGGG	CACCGTGAGGGGGTGGCTTACTCGCC	0	FALSE
1	13348355	13348386	32	*	NA	TTACAAAGAACCTTCTTAAGGGTGGGGGAGAC	T	0	PASS	TACAAAGAACCTTCTTAAGGGTGGGGGAGAC	AGTACATTCTCAAGGGTGGGGAGAAT	TACAAAGTACCTTCTTAAGGGTGGGG	7	TRUE
1	16950251	16950252	2	*	NA	AG	A	0	PASS	G	AAGTGGTGGCACAGGACTGGAACCCA	GCCAGCCAGACTCCTACTCCAGTGCT	1	FALSE
1	20973959	20973961	3	*	NA	CTT	C	0	PASS	TT	GCCACCACGCCCAGCTGGGAGTTGGC	TTTTTTTTTTTTTTTTTTTTGAGACG	2	FALSE
1	23813637	23813638	2	*	NA	CT	C	0	PASS	T	CATGAGCCACGGCGCCCGGCCCCCTC	TTTTTTTTTTTTTTTTTTTTTTTTTT	1	FALSE
1	24030358	24030362	5	*	NA	AATAT	A	0	PASS	ATAT	TATATAAATACATATATAATATATAA	ATATTATATAAATACATATATAAAAA	4	TRUE
1	26761921	26761922	2	*	NA	CT	C	0	PASS	T	TTGGCTAGAGGTCAGGAATTAGTGCC	TTTTTTTTTTTTTTTTTTTTTTTTGA	1	FALSE
1	30196751	30196754	4	*	NA	TACC	T	0	PASS	ACC	CAACCATCACCACCATCACTGTCACT	ACCACCATCACCACAATCATCGCCAC	3	TRUE
1	36170619	36170637	19	*	NA	AAGAAAGAGAGAGAGAGAG	A	0	PASS	AGAAAGAGAGAGAGAGAG	CTCAAAAAAAGAAAGAAAAGAAAGAA	AGAGAGAGAGAGAGAGAGAGAGAGAG	3	TRUE
1	36915436	36915437	2	*	NA	CA	C	0	PASS	A	TGGGCGACAGAGCGAGACCCTGTCTC	AAAAAAAAAAAAAAAAAAAAAAAAAA	1	FALSE
1	37879648	37879650	3	*	NA	CTT	C	0	PASS	TT	TGAACCCAGGCAGTCTGGAACCACTC	TTTTTTTTTTTTTTTTTTTTTTTTTA	2	FALSE
1	38446513	38446514	2	*	NA	CT	C	0	PASS	T	CTAGTAATGCTATCTTTTTAATACTC	TTTTTTTTTTTTTTTTTTTTTTTTGA	1	FALSE
1	44341569	44341593	25	*	NA	CTCTTCTTCTTCTTCTTCTTCTTCT	C	0	PASS	TCTTCTTCTTCTTCTTCTTCTTCT	CCTGATGATAATTGCTTTAGAATTTC	TCTTCTTCTTCTTCTTCTTCTTCTTC	24	TRUE
1	45986395	45986396	2	*	NA	CA	C	0	PASS	A	TGGGCGACAGAGCGAGACTCCGTCTC	AAAAAAAAAAAAAAAAAAAAATACAA	1	FALSE
1	46737697	46737706	10	*	NA	CTTTTTTTTT	C	0	PASS	TTTTTTTTT	GATGTGTTTGACATAGGTCTGATGAC	TTTTTTTTTTTTTTTTTTTTTTTTTG	9	TRUE
1	48118755	48118756	2	*	NA	CT	C	0	PASS	T	TTCAACTGTGCGCCTGCTCTGGAGGC	TTTTTTTTTTTTTTTTTTTTTTTTGA	1	FALSE
1	51157913	51157917	5	*	NA	CTGTG	C	0	PASS	TGTG	ACATATCCAGCACTTGAAGTATTTAC	TGTGTGTGTGTGTGTGTGTGTGTGTG	4	TRUE
1	58020697	58020701	5	*	NA	ATTTT	A	0	PASS	TTTT	AGAGCTCTCAATCTTCGGTATCTCTA	TTTTTTTTTTTTTTTTTTTTTTTTGA	4	TRUE
1	58201281	58201283	3	*	NA	GTT	G	0	PASS	TT	GTTCACTTTCCCATTCTGTTTGCTTG	TTTTTTTTTTTTTTTTTTTTTTAGTT	2	FALSE
1	77941067	77941073	7	*	NA	ATATATG	A	0	PASS	TATATG	TTATATATATACAAATATATATTATA	TATATATATAATATATATGTATATAT	5	TRUE
1	79304114	79304127	14	*	NA	ATTTTTTTTTTTTT	A	0	PASS	TTTTTTTTTTTTT	TCCAGCAAGATAAAAATAATTTAGTA	TTTTTTTTTTTTTTTTTTTTTTGAGA	13	TRUE
1	80920750	80920754	5	*	NA	GTTTT	G	0	PASS	TTTT	GATTGTGCCATCAATCACAATTTTAG	TTTTTTTTTTTTTTTTTTTTTTTGAG	4	TRUE
1	84710855	84710856	2	*	NA	CT	C	0	PASS	T	TTAAGAAATCTTGATTCTTTAATTTC	TTTTTTTTTTTTTTTTTTTTTTTTGA	1	FALSE
1	100174182	100174185	4	*	NA	ATAT	A	0	PASS	TAT	AAAAAAAAAAAAAAAAAAAAAAAAAA	ATATATATATATATATATATATATAT	0	FALSE
1	100493877	100493879	3	*	NA	GTT	G	0	PASS	TT	GTTTTTTGGGGTGTTTTTCTGTTTTG	TTTTGTTTTTTGTTTTTGAGACAAGG	2	FALSE
1	102583775	102583778	4	*	NA	GCAA	G	0	PASS	CAA	AAACTGTTCCCATCACTTTAGAACAG	CAACAACAACAAAAAGAATTCTGAAC	3	TRUE
1	103661526	103661528	3	*	NA	CTT	C	0	PASS	TT	TCTTTCTTTCTTTCTTTCTTTCTTTC	TCTTTCTTTCTTTCTTTCTTTCTTTC	1	FALSE
1	103661569	103661571	3	*	NA	TTC	T	0	PASS	TC	TTCTTTCTTTCTTTTTCTCCTTTCTT	TCTTTCTTTCTTTCTTTCTTTCTTTC	2	FALSE
1	109066497	109066506	10	*	NA	TATATATATG	T	0	PASS	ATATATATG	TATATGATATATATCATATATATGGT	ATATATATGATATATATCATATATAT	9	TRUE
1	110012449	110012450	2	*	NA	CA	C	0	PASS	A	TGAGTGACAGAACTAGACCTTGTCTC	AAAAAAAAAAAAAAAAAAAAAAAAGG	1	FALSE
1	118855438	118855439	2	*	NA	GC	G	0	PASS	C	CACTTTTGCCTTTGTTTTCTGTGTTG	CCCTTTTTTTTTTTTTTTTTTTTTTT	1	FALSE
1	120690076	120690077	2	*	NA	CT	C	0	PASS	T	ACTAGACCTACACCGTTTTGCCCCAC	TTTGTTTTCTTCTTTTATTCAAATTG	1	FALSE
1	142609655	142609657	3	*	NA	CTT	C	0	PASS	TT	AGAGGACAATTATGCAACCAACAAAC	ATGAAAAAAAAAAGCTCAACTTCACT	0	FALSE
1	147946288	147946290	3	*	NA	GTT	G	0	PASS	TT	TGAACCTAATTAGTTTCTTTTTGCTG	TTTTTTTTTTTTTTTTTTTTTTTTTT	2	FALSE
1	149237656	149237657	2	*	NA	AT	A	0	PASS	T	TCAGACATTAGAGAACAGAGCCCCAA	GTGTGTGTGTGTGTGTGTGTGTGTGT	0	FALSE
1	149603296	149603306	11	*	NA	GCCCCCACCAA	G	0	PASS	CCCCCACCAA	GAGTGGGGAAGGGGTAGATGAGGGGG	TAGATGCCTGGCCACTGGGTGAAAGG	0	FALSE
1	150748298	150748301	4	*	NA	ATTT	A	0	PASS	TTT	AGCCGCCCACCACCATGCCTGGCTAA	TTTTTTTTTTTTTTTTTTTTTTTTTT	3	TRUE
1	154085633	154085634	2	*	NA	TA	T	0	PASS	A	GGGTGATGGGAGAGAAACCCTCTCTT	AAAAAAAAAATATATATATATATATA	1	FALSE
1	156757240	156757242	3	*	NA	TTG	T	0	PASS	TG	CCATAATATTTGTACATATTTGTGAT	ATATATATATATATATATATATATAT	0	FALSE
1	162373293	162373315	23	*	NA	AAAAAAAAAATATATATATATAT	A	0	PASS	AAAAAAAAATATATATATATAT	GACTCTGTCTGAAAAAAAAAAAAAAA	ATATATATATATATATATGTAATTAC	1	FALSE
1	164746136	164746142	7	*	NA	TTGTGTG	T	0	PASS	TGTGTG	TGCAGTAAATCTTGTGGTTTTACATT	TGTGTGTGTGTGTGTGTGTGTGTGTG	6	TRUE
1	165664724	165664725	2	*	NA	CT	C	0	PASS	T	CTATCAATATTCTCTTAGTAGTAGTC	TTTTTTTTTTTTTTTTTTTTTTCTTG	1	FALSE
1	167080750	167080754	5	*	NA	TACAC	T	0	PASS	ACAC	ATATATATATATATATATATATATAT	ACACACACACACAAATATATATATAT	4	TRUE
1	168123144	168123146	3	*	NA	CAA	C	0	PASS	AA	CATGGGTGACAGAGCAAGACTGTCTC	AAAAAAAAAAAAAAAAAAAGTAAGGT	2	FALSE
1	174943116	174943121	6	*	NA	GTTTTT	G	0	PASS	TTTTT	GAAATGAGCAGTACAATTGTTTTTTG	TTTTTTTTTTTTTTTTTTTTTTGAGA	5	TRUE
1	175091591	175091643	53	*	NA	TTGCTAACAAAGGACTGAAGAAGAGCCAGTGAGTTAGGAAAATCAAGGGAGTA	T	0	PASS	TGCTAACAAAGGACTGAAGAAGAGCCAGTGAGTTAGGAAAATCAAGGGAGTA	CTTTGGGTGCTCCAGTGTTTGAAGGT	TGTAGTCATGGAAGCCAAGGGTTGAG	2	FALSE
1	182110513	182110522	10	*	NA	CTTTCTTTTT	C	0	PASS	TTTCTTTTT	TTAGCCAAAGAGACTACAGAGATTCC	TTTTTTTTTTTTTTTTTTTTTTTTGA	3	TRUE
1	185827718	185827728	11	*	NA	ATTTTTTTTTT	A	0	PASS	TTTTTTTTTT	GCCTATATGCCACCACACCCAGCTAA	TTTTTTTTTTTTTTTTTTTTTTTTTT	10	TRUE
1	191058556	191058592	37	*	NA	TATATATTTGTGTGTATACATGTGTATGTATACGCAC	T	0	PASS	ATATATTTGTGTGTATACATGTGTATGTATACGCAC	ATATATGCACATATATGTATATATGT	ATATATTTGTGTGTATACATGTGTAT	26	TRUE
1	191775261	191775264	4	*	NA	GAAT	G	0	PASS	AAT	GGGAAATAATACATCTGATGGATTTG	AATACATCTGAGGGATTTGAATACAT	3	TRUE
1	193533478	193533482	5	*	NA	TTATA	T	0	PASS	TATA	TACACATATATGTGTATATGTATCTT	TACACATATATGTGTATATGTATCTT	2	FALSE
1	195512412	195512416	5	*	NA	GGTGT	G	0	PASS	GTGT	TTAACCTTAAACAGGACAGGATTAAG	GTGTGTGTGTGTGTGTGTGTGTGTGT	4	TRUE
1	200705292	200705297	6	*	NA	CTTTTT	C	0	PASS	TTTTT	TCAGGCATAAGCCACCGCACCCGGCC	TTTTTTTTTTTTTTTTTTTTTTTTTG	5	TRUE
1	211613981	211613982	2	*	NA	CA	C	0	PASS	A	CCTGGGCAACAGAGCGAGACTGCCTC	AAAAAAAAAAAAAAAAAGTGCACAAT	1	FALSE
1	215905886	215905891	6	*	NA	CTTTTT	C	0	PASS	TTTTT	TCTTTCTTATTCTCCTTTTTTCTTTC	TTTTTTTTTTTTTTTTTTTTTTTGCT	5	TRUE
1	217053646	217053647	2	*	NA	CA	C	0	PASS	A	CCTGAGCGACAACAAGCCTCCCTCTC	AAAAAAAAAAAAAAAAAAAAAAAAAA	1	FALSE
1	218404270	218404274	5	*	NA	CTTTT	C	0	PASS	TTTT	CAAAGTTCCTCAAAGTGATTTTGATC	TTTTTTTTTTTTTTTTTTTTTGGAAA	4	TRUE
1	220101020	220101024	5	*	NA	CAAAA	C	0	PASS	AAAA	AAAAAAAAAAAAAAAACAACAACAAC	AAAAAAAAACAGAAAAAAAGCATGCA	4	TRUE
1	223238797	223238800	4	*	NA	CTTT	C	0	PASS	TTT	ATGAGCCACTGTGCCCAGCCGCATCC	TTTTTTTTTTTTTTTTTTTTTTTTTT	3	TRUE
1	224199536	224199541	6	*	NA	GGACAT	G	0	PASS	GACAT	GGAATGGAATGGAATGGAATGGAACG	GAATGGAATGGAATGGAATGGAATGG	2	FALSE
1	224530177	224530181	5	*	NA	ATCTC	A	0	PASS	TCTC	CACATGTTATTTCTTGGTTGTGTGTA	TCTCTCTCTGTGTGTGTGTGTGTGTG	4	TRUE
1	227032540	227032544	5	*	NA	TAAAA	T	0	PASS	AAAA	TGGGTAACAGAGGAAGACTCCATCTT	AAAAAAAAAAAAAAAAAAAAAAAGGC	4	TRUE
1	232503945	232503947	3	*	NA	CAA	C	0	PASS	AA	ATTTTGTATTATATAATATATAATAC	TATATAATATATTGTATTATATATTA	0	FALSE
1	234244403	234244405	3	*	NA	TTA	T	0	PASS	TA	ATTTATATATAAAAGATACATATATT	TATATATAAAAGATATATATATTTTT	2	FALSE
1	236090250	236090252	3	*	NA	CAA	C	0	PASS	AA	GGGCAACAAGAGTGAAACTCTGTCTC	AAAAAAAAAAAAAAAAGAAAAAAAAA	2	FALSE
1	237758186	237758207	22	*	NA	GTTTTTTTTTTTTTTTTTTTTT	G	0	PASS	TTTTTTTTTTTTTTTTTTTTT	TGGCATTTGTGGTTAATATCACTGGG	TTTTTTTTTTTTTTTTTTTTTTTTGC	21	TRUE
1	237991236	237991237	2	*	NA	CA	C	0	PASS	A	TGGGTGACAGAATGAGACTCCGTCTC	AAAAAAAAAAAAAAAAAAAAAAAAAA	1	FALSE
1	240440825	240440827	3	*	NA	CTT	C	0	PASS	TT	CAACTTTAAGTACCTGCATCTTCTTC	TTTTTTTTTTTTTTTTTTTTTTTGAG	2	FALSE
1	246571965	246571966	2	*	NA	CT	C	0	PASS	T	CCTAATCCCTATCTCAGAAGCAAGTC	TTTTTTTTTTTTTTTTTTTTTTTGAG	1	FALSE
1	248016186	248016196	11	*	NA	GACACACACAC	G	0	PASS	ACACACACAC	AATTTGCCAACCCAATAGTCCTATAG	ACACACACACACACACACACACACAG	10	TRUE
1	248638897	248638901	5	*	NA	TTAAA	T	0	PASS	TAAA	AATTTGGTTTCAGAAATTGCTGTAAT	TAAATGGGCAAAACTGCTCAAATGGA	4	TRUE
1	249239746	249239752	7	*	NA	GGAGGGT	G	0	PASS	GAGGGT	AAAATATAACAGACATATTACTCATG	GAGGGTGAGGGTTCGGGTTAGGGTTC	6	TRUE
1	249239939	249239940	2	*	NA	TA	T	0	PASS	A	TTAGGGTTAGGGTTAGGGTTAGGGTT	GGGTTAGGGTAGGGTTAGGGTTAGGG	0	FALSE
10	731099	731131	33	*	NA	AAAATATATATATATATATATATATATACATAT	A	0	PASS	AAATATATATATATATATATATATATACATAT	CCAAAAAAAAAAAAAAAAAAAAAAAA	ATATATATATATATATAAACACACGC	1	FALSE
10	2247244	2247245	2	*	NA	CA	C	0	PASS	A	AAATAGTATTCTTGGAATCAGATCTC	AAAAAAAAAAATAAAATCCCAAAGAA	1	FALSE
10	8655438	8655440	3	*	NA	CTT	C	0	PASS	TT	TTTATTATACATGCATTATTTTTCAC	TTTTTTTTTTTTTTTTTTTTTTTTAG	2	FALSE
10	10663206	10663207	2	*	NA	CA	C	0	PASS	A	TGGCTGACAGAGTGGGACTCTGACTC	AAAAAAAAAAAAAAAAAAAAAGGCTA	1	FALSE
10	12173681	12173682	2	*	NA	CT	C	0	PASS	T	ATGAAATCAAACAGAGATTACATACC	TTTTTTTTTTTTTTTTTTTTTTTTTT	1	FALSE
10	12298162	12298163	2	*	NA	CA	C	0	PASS	A	TGGGCAACAGAGCGAGACTCTGTCTC	AAAAAAAAAAAAAAAAAAAAAGCGCC	1	FALSE
10	12372743	12372757	15	*	NA	CTTTTTTTTTTTTTT	C	0	PASS	TTTTTTTTTTTTTT	TACAGGTGTGCGCCATTATGCCTGGC	TTTTTTTTTTTTTTTTTTTTGAGATG	14	TRUE
10	12427738	12427739	2	*	NA	CT	C	0	PASS	T	TTATACTGAGAACCATTGAATTGTAC	TTTTTTTTTTTTTTTTTTTTTTTAAG	1	FALSE
10	14233805	14233806	2	*	NA	TC	T	0	PASS	C	AGCTCAACTGGCTGTTTTTTTTTTTT	TCTCTCTCTCTCTCTCTCCTGGCAAA	0	FALSE
10	17562916	17562917	2	*	NA	GA	G	0	PASS	A	AAAAAAGAAGAAAGAAAGAAAGAAAG	AAGAAAGAAAGAAAGAAAGAAAGAAA	1	FALSE
10	18852094	18852116	23	*	NA	AATGGAATGGAATGGAGAATGGT	A	0	PASS	ATGGAATGGAATGGAGAATGGT	GAATGGAGAGTGGAACAAAATGGAGA	ATGGAATGGAATGGAGAATGGTATGG	22	TRUE
10	27735831	27735837	7	*	NA	CTTTTCT	C	0	PASS	TTTTCT	TCTCTCTTTCTCTTTCTTTTCTTTTC	TTTCTTTCTTTCTTTCTTTCTTTCTT	3	TRUE
10	29796485	29796487	3	*	NA	CAT	C	0	PASS	AT	ACTCACATTCTCACAGATACACACTC	AGATACACACTCTCATGGACACACAC	1	FALSE
10	32178547	32178548	2	*	NA	GT	G	0	PASS	T	TGATTTTCTTTTCTTAATTTTTCTCG	TTTTTTTTTTTTTTTTTTTTTTTTGA	1	FALSE
10	34660442	34660461	20	*	NA	AAAAAAAAAAAAAAAAAAAC	A	0	PASS	AAAAAAAAAAAAAAAAAAC	AAAAAAAAAAAAAAAAAAAAAAAAAA	AACGAAGGAATATTTGAAAAATAACA	2	FALSE
10	47058661	47058663	3	*	NA	CAT	C	0	PASS	AT	CACACACATCACACACACAGCCACAC	ATCACACACAACCACACACATCACAT	2	FALSE
10	48920165	48920166	2	*	NA	TA	T	0	PASS	A	TAACACAATGACACCCTCCTTTATTT	AAAAAAAAAAAAAAAAAAGAGGTAAA	1	FALSE
10	51788000	51788004	5	*	NA	GTTTT	G	0	PASS	TTTT	GTAACCATGTCCAGGTAATTTTCAAG	TTTTTTTTTTTTTTTTTTTTTTTTTT	4	TRUE
10	68181592	68181596	5	*	NA	CAAAA	C	0	PASS	AAAA	TGGATGGCAGAGCAAGACTCTGTCTC	AAAAAAAAAAAAAAAGAAAAGTGTGT	4	TRUE
10	73350641	73350644	4	*	NA	AAAC	A	0	PASS	AAC	TGAGACCCTGTCTCTAAAAAAAAAAA	AAAAAAAAACAAAAAAAAACACCAGT	2	FALSE
10	88385134	88385136	3	*	NA	CTT	C	0	PASS	TT	CTACACTGGCTATGCTGAAAGGCTTC	TTTTTTTTTTTTTTTTTTTTTTGAGA	2	FALSE
10	89745520	89745535	16	*	NA	CAAAAAAAAAAAAAAA	C	0	PASS	AAAAAAAAAAAAAAA	TGGGTGACAGAGTCAGACTCTGTCTC	AAAAAAAAAAAAAAAAAAAAAATTCT	15	TRUE
10	95404653	95404658	6	*	NA	ATATAG	A	0	PASS	TATAG	CATATACAGTATATTTATATAGTATA	TATATATACACTATATCGATATAGTA	4	TRUE
10	95453237	95453243	7	*	NA	GTGTATA	G	0	PASS	TGTATA	AGTGGATAAAGAAAATGTGGTGTGTG	TATATATATATATATATATATACACC	1	FALSE
10	95453271	95453288	18	*	NA	TATATATATATATACACC	T	0	PASS	ATATATATATATACACC	TATATATATATATATATATACACCAT	ATATATATATATATATACACACATAC	13	TRUE
10	97784949	97784951	3	*	NA	AAT	A	0	PASS	AT	ATATATATATATATATATAAAAAAAA	ATATATATATATATATATATATATAT	2	FALSE
10	98926300	98926301	2	*	NA	GA	G	0	PASS	A	AAAAAAAAAGAAAGAAGGAAGGAAGG	AGGAAGGAAGGAAAGAGAGAGAGAGA	1	FALSE
10	101081294	101081300	7	*	NA	AAGAACC	A	0	PASS	AGAACC	ATTTTTTAGAACCTGAAAAAAAAAAA	AACAACAACAACAACAACAACAACAA	1	FALSE
10	101682259	101682261	3	*	NA	GTT	G	0	PASS	TT	GAAAACACATAACCTAGCTGCTGCTG	TTTTTTTTTTTTTTTTTTTTCTTAAA	2	FALSE
10	106294462	106294468	7	*	NA	TTCTTTC	T	0	PASS	TCTTTC	CTCTCCCTCCTCCCTTCCCTTCCTCT	TTTCTTTCTTTCTTTCTTTCTTTCTT	1	FALSE
10	114833262	114833263	2	*	NA	CA	C	0	PASS	A	CAACAAAGCAAGACCCGGTCTCTACC	AAAAAAAAAAAAAAAAAAAAAAAAAA	1	FALSE
10	115843661	115843676	16	*	NA	AATATTATATATAAAT	A	0	PASS	ATATTATATATAAAT	ATATAATATTAATATAATATAATATA	ATATAATATAATATTATATATAAATA	4	TRUE
10	124828173	124828177	5	*	NA	CACAT	C	0	PASS	ACAT	ACACACACATACACACACATACACAC	ACACATACATACACATACACACACGT	3	TRUE
10	127553498	127553513	16	*	NA	CAAAAAAAAAAAAAAA	C	0	PASS	AAAAAAAAAAAAAAA	TGGGAGACAGAGTGGGACTCTGTCTC	AAAAAAAAAAAAAAAAAAAAAAAGAA	15	TRUE
10	127582668	127582670	3	*	NA	AAT	A	0	PASS	AT	AGTAATGAGCTTGGAGACTTAAAAAA	ATATATAGAACTTTATTCCTTTTCAT	2	FALSE
11	123174	123178	5	*	NA	AAAAC	A	0	PASS	AAAC	AAACTACATTTCAAAAACAAAAAACA	AAACAAAAAAAACAAAACTTGAGGCC	4	TRUE
11	4840796	4840800	5	*	NA	ATTTT	A	0	PASS	TTTT	GATGGTCACTGAAATGAGTCGACTGA	TTTTTTTTTTTTTTTTTTTTTTTTTT	4	TRUE
11	8875563	8875564	2	*	NA	AT	A	0	PASS	T	GGTGAATGCCACCATGCCCCAGTTAA	TTTTTTTTTTTTTTTTTTTTTTTTTT	1	FALSE
11	10130062	10130064	3	*	NA	CTT	C	0	PASS	TT	TGCAAAAACAAACAGTAATAGTTAAC	TTTTTTTTTTTTTTTTTTTTTTTTTG	2	FALSE
11	18619958	18619959	2	*	NA	CA	C	0	PASS	A	GGCAACAAGAGCAAAGCTCTGTCTCC	AAAAAAAAAAAAAAAAAAAAAAAAAG	1	FALSE
11	22360713	22360724	12	*	NA	TATATATATATG	T	0	PASS	ATATATATATG	GTTATATATAGTTATATATATATGTT	TTTTATATATATATATATATATATAT	0	FALSE
11	25241476	25241490	15	*	NA	CAAAAAAAAAAAAAA	C	0	PASS	AAAAAAAAAAAAAA	GTGAGCCGAAAGCAAGACTCCATCTC	AAAAAAAAAAAAAAAAAAAAAAAAAG	14	TRUE
11	25671873	25671877	5	*	NA	GTATA	G	0	PASS	TATA	TATATGCATACATGTATCCGTATATG	TATGCATACCTGTATGTGTATGTGTA	3	TRUE
11	30909607	30909609	3	*	NA	AAG	A	0	PASS	AG	AAAGAAAGAAAGAAAGAAAGAAAGAA	AGAGAGAGAGAGAGAGAGAGAGAAAG	2	FALSE
11	30909651	30909653	3	*	NA	AAG	A	0	PASS	AG	AGAGAGAAAGAAAGAAAGAAAAAGAA	AAAGAAAGAAAGAAAGAAAGAAAGAA	1	FALSE
11	36815477	36815486	10	*	NA	TATATATATA	T	0	PASS	ATATATATA	AAAGAAATATATATATATATATATAT	TTTTTTTTTTTTTTTTTTTTTTTTGC	0	FALSE
11	47567419	47567425	7	*	NA	CTGCGTG	C	0	PASS	TGCGTG	TATGTATACGTGTGTGTGTGTGTGTC	TGTGTGTGTGTGTGTGTGTGTGTGTG	2	FALSE
11	58087548	58087549	2	*	NA	GT	G	0	PASS	T	ATTCTAACTGGCTATGATTGTGAGGG	TTTTTTTTTTTTTTTTTTTTTTTTGA	1	FALSE
11	62945307	62945311	5	*	NA	ATGTG	A	0	PASS	TGTG	TACATATATATAATGTATATATATAA	TATATATATATAATGTATATATATAA	1	FALSE
11	69529796	69529806	11	*	NA	AAGAGAGAGAG	A	0	PASS	AGAGAGAGAG	GTGAGACTCCATCTAGAAAGAAAGAA	AGAGAGAGGGAGAATGAAAGAAAGAA	8	TRUE
11	77631272	77631278	7	*	NA	TACATAC	T	0	PASS	ACATAC	ATATACACACATATATATACACATAT	ATATATACATATATATACATATATAC	1	FALSE
11	85464803	85464804	2	*	NA	CT	C	0	PASS	T	AGCCTGGGTCACAGAGAGAAACTCTC	TTTTTAAAAAAAAAAAAAAAAAAAAA	1	FALSE
11	86900140	86900141	2	*	NA	CG	C	0	PASS	G	CCTTTCCTTTCTTTCCTTCCTTTTCC	TTTCCCTTTTCCTTTTCCTTTCCCTT	0	FALSE
11	90285379	90285380	2	*	NA	GT	G	0	PASS	T	TTAGCCAGATGCAGTTTGGTTAAGAG	TTTTTTTTTTTTTTTTTTTTTGTCAG	1	FALSE
11	97450453	97450467	15	*	NA	ACACACACACACACC	A	0	PASS	CACACACACACACC	CACACACACACACACACACACACACA	CCATTGGAAGGAATTTGTCCTAAGAC	1	FALSE
11	98187034	98187035	2	*	NA	TA	T	0	PASS	A	TCTTGAATATATATATATATATATAT	ATATATATATATGCACCAAGGTAATA	1	FALSE
11	100917023	100917038	16	*	NA	ATTTTTTTTTTTTTTT	A	0	PASS	TTTTTTTTTTTTTTT	AGGCACTTGCCACTACGCCTGGCTAA	TTTTTTTTTTTTTTTTTTTTTTTTTT	15	TRUE
11	102020708	102020710	3	*	NA	CTT	C	0	PASS	TT	TAAAAAAGAGATTTTGAGTAGTGTGC	TTTTTTTTTTTTTTTTTTTTTTTTTG	2	FALSE
11	103397219	103397237	19	*	NA	ATTTTTTTTTTTTTTTTTT	A	0	PASS	TTTTTTTTTTTTTTTTTT	GTTGTGACCGTTCCCCTATCTCTTGA	TTTTTTTTTTTTTTTTTTTTTTTTGA	18	TRUE
11	112125801	112125802	2	*	NA	TG	T	0	PASS	G	GGTATGTGTGTGTGTGTGGTGTGTGT	GTATGTGTGGTGTGTGTGGTATGTAT	1	FALSE
11	116689027	116689028	2	*	NA	AT	A	0	PASS	T	GAATATATATATGAATTATATATGAA	TTATATATGAATATATATATGAATAT	1	FALSE
11	121636361	121636365	5	*	NA	TTCTC	T	0	PASS	TCTC	TCTTCATGTAGAGTTCGGAAGCCTGT	TCTCTCTCTCTCTCTCTCTCTCTCTC	4	TRUE
11	122428728	122428750	23	*	NA	CAAAAAAAAAAAAAAAAAAAAAA	C	0	PASS	AAAAAAAAAAAAAAAAAAAAAA	GGGTAACAGAGCGAGACTCCATCTCC	AAAAAAAAAAAAAAAAAAAAAAAAAC	22	TRUE
11	123579883	123579884	2	*	NA	CT	C	0	PASS	T	ATGATACTGCACCTTTCCTCTTATAC	TTTTTTTTTTTTTTTTGAGACAGGGT	1	FALSE
11	125492963	125492965	3	*	NA	CAA	C	0	PASS	AA	CCTGGGAGACAGAGCAAGACTGTCTC	AAAAAAAAAAAAAAAAAAAAAAGAGT	2	FALSE
11	126792994	126793000	7	*	NA	TCTTCTC	T	0	PASS	CTTCTC	CTTGCCTTGTGGATCTTCTTCTTCTT	CTTCTCCTTCTCCTTCTCCTTCTTCT	6	TRUE
11	127862547	127862549	3	*	NA	CTT	C	0	PASS	TT	GGTTAGGGTCCAGACTAATAACCTCC	TTTTTTTTTTTTTTTTTTTTTTTTTT	2	FALSE
12	531214	531215	2	*	NA	AC	A	0	PASS	C	GTGTGTGCTGGGAGTGAGAGGGTAAA	ACACATAGCAGCACCCTCCATGCTCC	0	FALSE
12	6107665	6107668	4	*	NA	ATAT	A	0	PASS	TAT	AAAAAAAAAAAAAAAAAAAAAAAAAA	ATATATATATATATATATATATATAT	0	FALSE
12	7452776	7452777	2	*	NA	AG	A	0	PASS	G	CCCACCAAAAAAAAAAAAAAAAAAAA	AGAGAGAGAGAGAAAGAAAGAGGCGC	0	FALSE
12	10382251	10382254	4	*	NA	CTTT	C	0	PASS	TTT	GTCTCCTTTAGCACTGATTTTCTTTC	TTTTTTTTTTTTTTTTTTTTTTTTGA	3	TRUE
12	14739571	14739573	3	*	NA	CAT	C	0	PASS	AT	GTTCATATATATTCATATATATGTTC	ATATATTCATATATATGTTCATATAT	2	FALSE
12	14837520	14837527	8	*	NA	TTCCTTCC	T	0	PASS	TCCTTCC	TTCCCTTCCTTCCTTCCTTCCTTCCT	TTCCTTCCTTCCTTCCTTCCTTCCTT	1	FALSE
12	16310043	16310045	3	*	NA	CTT	C	0	PASS	TT	TTTGTGAACTGCTAGCCACCCCGACC	TTTTTTTTTTTTTTTTTTTTTGAGAT	2	FALSE
12	18803634	18803680	47	*	NA	GTGTGTATATATCTATATATATATATATATATATATATATATATATA	G	0	PASS	TGTGTATATATCTATATATATATATATATATATATATATATATATA	TGTGTGTGTGTGTGTGTGTGTGTGTG	TATATATATATATATATATTCCAGTC	1	FALSE
12	20539056	20539058	3	*	NA	AAT	A	0	PASS	AT	ATAAATATATATATAAATATATATAA	ATATATAAATATATATAAATATATAT	2	FALSE
12	29228976	29228978	3	*	NA	GAA	G	0	PASS	AA	AGAAAGAAAGAAAGAAAGAAAGAAAG	AGAAAGAAAGAAAGAAAGAAAGAAAG	1	FALSE
12	31409142	31409156	15	*	NA	CTTTCTTTCTTTCTT	C	0	PASS	TTTCTTTCTTTCTT	TCTCTCTCTCTCTCTCTCTCTCTCTC	TCTTTCTTTCTTTCTTTCTTTCTTTC	1	FALSE
12	31753082	31753084	3	*	NA	TAA	T	0	PASS	AA	TGGGTGACAGAGTGGACTCTGTCTTT	AAAAAAAAAAAAAAAAAAAAAAAAAG	2	FALSE
12	41664128	41664132	5	*	NA	CTGTG	C	0	PASS	TGTG	CTGTGTGTGTGGTGTGTGTGTGTGTC	TGTGTGTGTGTGTGTGTATTTAGAAT	4	TRUE
12	42106809	42106812	4	*	NA	CTTT	C	0	PASS	TTT	CAATGGTGGCAAGTGAAGGCTTATTC	TTTTTTTTTTTTTTTTTTTTTTTTTT	3	TRUE
12	42343887	42343888	2	*	NA	CT	C	0	PASS	T	ACAAGCCACCAGTGTCCGAACTCCAC	TTTTTTTTTTTTTTTTTTTTTTTTTT	1	FALSE
12	42879041	42879047	7	*	NA	GTTTTTT	G	0	PASS	TTTTTT	AGCTACAAAGTAAGGCAGCTGAGAAG	TTTTTTTTTTTTTTTTTTTTTTTTGT	6	TRUE
12	49707278	49707279	2	*	NA	CT	C	0	PASS	T	CGGTGGAGAAACTTGACAGATACCAC	TTTTTTTTTTTTTTTTTTGAGACAGG	1	FALSE
12	49779645	49779646	2	*	NA	TG	T	0	PASS	G	TTTTTTGTTTGTTTGTTTGTTTGTTT	TTTGTTTTTTGTTTTTTTTTTTTGAG	0	FALSE
12	56322460	56322463	4	*	NA	CAAA	C	0	PASS	AAA	TGGACGACAGAGTGGGACCCCGTCTC	AAAAAAAAAAAAAAAAAAAAAAAAAA	3	TRUE
12	61794013	61794047	35	*	NA	ATTTAAGAATATTTAAATAAAGAATTAGTATATTC	A	0	PASS	TTTAAGAATATTTAAATAAAGAATTAGTATATTC	TTTTATATTCTTTATTTAAACACATA	TTTAAGAATATTTAAATAAAGAATTA	26	TRUE
12	61854950	61854951	2	*	NA	GA	G	0	PASS	A	AAAACCAATCAGAATTTCTGAAAATG	AAGTCACAATTAGGGAATTACAAAAT	1	FALSE
12	69594606	69594610	5	*	NA	TGAGG	T	0	PASS	GAGG	GAAGAGATAGGAGATGAGGAGGAGAT	AGGAGATGAGGAGGAGATGAGGAGGA	0	FALSE
12	69693400	69693401	2	*	NA	CT	C	0	PASS	T	ATTACCCAGTCTCAGGTATTTCTTTC	TTTTTTTTTTTTTTTTTTTTTTTTTT	1	FALSE
12	76063630	76063641	12	*	NA	ATTTTTTTTTTT	A	0	PASS	TTTTTTTTTTT	TATATATATATATATATATATATATA	TTTTTAGACGAAGTCTCGCTCTGTCG	5	TRUE
12	80026080	80026092	13	*	NA	TATATATACATAC	T	0	PASS	ATATATACATAC	GTCCAGAAATAGAAATATATACATAT	ATATATATATATATATATATATATAT	7	TRUE
12	80946422	80946431	10	*	NA	AATTATATAT	A	0	PASS	ATTATATAT	GGTCCAGGTCTTTGTAAAAAAAAAAA	ATATATATATATATATATATATATAT	2	FALSE
12	87006516	87006517	2	*	NA	CA	C	0	PASS	A	TGGGCAACAGAGTGAGACTCTGTCTC	AAAAAAAAAAAAAAAAAAAAAGTAGA	1	FALSE
12	104225548	104225549	2	*	NA	CT	C	0	PASS	T	GTCATCATTCGGGTTTCAGCATCCTC	TTTTTTTTTTTTTTTTTTTTTTGAGA	1	FALSE
12	106503333	106503334	2	*	NA	GA	G	0	PASS	A	GTCATATTGTTTAAGGGTTGTTAAGG	AAAAAAAAAAAAAAAAAAGAAAATCT	1	FALSE
12	113870014	113870030	17	*	NA	CTTCTTTCTTTCTTTCT	C	0	PASS	TTCTTTCTTTCTTTCT	CCTGGCTGACAGGTTTGTTTGTTTGC	TTCTTTCTTTCTTTCTTTCTTTCTTT	16	TRUE
12	117723336	117723337	2	*	NA	GA	G	0	PASS	A	CTAATAACCAAGGCCAATTTGACCAG	AAAAAAAAAAAAATCGCCTAAAAGTA	1	FALSE
12	119815059	119815060	2	*	NA	CA	C	0	PASS	A	TGGGCGACAGAGCAACACTCCATCTC	AAAAAAAAAAAAAAAAAAAAAAAAGA	1	FALSE
12	120879777	120879781	5	*	NA	ATTAT	A	0	PASS	TTAT	GGCAATTATTATTATTATTATTATTA	TTTTTTTTTTTTTTTTTTTTTTTTGA	2	FALSE
12	126710215	126710216	2	*	NA	CT	C	0	PASS	T	CAATCAACTCCCAAAGGCCCACTTTC	TTTTTTTTTTTTTTAACTTTTAAGTT	1	FALSE
12	132024031	132024040	10	*	NA	ATGGTGATGG	A	0	PASS	TGGTGATGG	GGTGATGATGATGGTGATGGTGATGA	TGATGGTGGTGGTGATGGTGATGATG	2	FALSE
12	132649716	132649719	4	*	NA	TATA	T	0	PASS	ATA	AATGTATATTATGTATATTTATATAT	AATGTATATTATGTATATTTATATAT	1	FALSE
13	21967838	21967840	3	*	NA	CAA	C	0	PASS	AA	AGCCTGGGCGACACAGCAAGTCTCAC	AAAAAAAAAAAAAAAAAAAAAAAAAA	2	FALSE
13	23275582	23275610	29	*	NA	GTTTTTTTTTTTTTTTTTTTTTTTTTTTT	G	0	PASS	TTTTTTTTTTTTTTTTTTTTTTTTTTTT	TTTGCTGCAAAGCCACTTGGTCTGTG	TTTTTTTTTTTTTTTTTTTTTTTTGA	24	TRUE
13	38781916	38781921	6	*	NA	GAGAGA	G	0	PASS	AGAGA	AAGGAGAGAGAGAGAGAGCAAAGGAG	GAGAGAGAGAGAGAGAGAGAGAGAGA	0	FALSE
13	43410703	43410712	10	*	NA	ATATATATAT	A	0	PASS	TATATATAT	AAAAAAAAAAAAAAAAAAAAAAAAAA	ATATATATATATATATATATATATAT	0	FALSE
13	76515039	76515040	2	*	NA	GT	G	0	PASS	T	TGTGTGCCACCACACCTGGCTAATTG	TTTTTTTTTTTTTTTTTTTTTTTGTA	1	FALSE
13	78322533	78322534	2	*	NA	CT	C	0	PASS	T	GGCACCTAGAGTTATTTCTCTAAAGC	TTTTTTTTTTTTTTTTTTTTTTTTTA	1	FALSE
13	79690788	79690790	3	*	NA	TAC	T	0	PASS	AC	ACATATACGTATATATATACATATAT	ACATATACGTATATATATACATATAT	2	FALSE
13	81201847	81201855	9	*	NA	TTCTCTCTC	T	0	PASS	TCTCTCTC	CTTCATGGTTTCTCTCTATTGGTGTT	TCTCTCTCTCTCTCTCTCTCTCTCTC	8	TRUE
13	83555721	83555726	6	*	NA	TAGATA	T	0	PASS	AGATA	AGATGATAGATAGATGATAGATAGAT	GATAGATAGATAGATAGATAGATAGA	0	FALSE
13	91745653	91745654	2	*	NA	CT	C	0	PASS	T	CTAAGTGAATTATTGCTCTCTCTCTC	TTTTTTTTTTTTTTTTTTTTTTTTGA	1	FALSE
13	97595704	97595705	2	*	NA	CT	C	0	PASS	T	CCTGATCCACCAACAATGACGCACAC	TTTTTTTTTTTTTTTTTTTTTTTTTT	1	FALSE
13	97757338	97757339	2	*	NA	TA	T	0	PASS	A	ATATATATATATATATATATATATAT	TTTTTTTTTTTTTTTTTTTTTTTTTT	0	FALSE
13	107519363	107519365	3	*	NA	CAA	C	0	PASS	AA	TGGGCGACAGAGCGAGACCCCGTCTC	AAAAAAAAAAAAAGAAAAAGAAAGAA	2	FALSE
13	111158602	111158604	3	*	NA	CCA	C	0	PASS	CA	TCGGGCTGCAGGTACACCAGGCCGTC	CTCTCTCTCTCTCTCTCTCTCTCGGG	1	FALSE
13	111933528	111933530	3	*	NA	CTT	C	0	PASS	TT	CAACAAGTCTTTGGATATTTAGAGAC	TTTTTTTTTTTTTTTTTTTTTTTTTT	2	FALSE
14	19342543	19342551	9	*	NA	TTTTATTTA	T	0	PASS	TTTATTTA	TTAAATATTTAATGGTATCTTTTTAT	TTTATTTATTTATTTATTTATTTATT	8	TRUE
14	19509913	19509914	2	*	NA	GA	G	0	PASS	A	GGGTTAGAATCCAACAAATTCAGAAG	AAATTGTAAAATTATATAGCTGTAGA	1	FALSE
14	20113322	20113323	2	*	NA	TA	T	0	PASS	A	ATAAATAAATAAATAAATAAATAAAT	AATAAAATTCTACCTTCAAAATTACT	1	FALSE
14	20647193	20647195	3	*	NA	CGT	C	0	PASS	GT	TGGGCAACAGAGCGAGACCCTGAATC	GTGTGTGTGTGTGTGTGTGTGTGTGT	2	FALSE
14	37655792	37655793	2	*	NA	TA	T	0	PASS	A	CTAGATGACAGAGTGAGACCCTGTCT	AAAAAAAAAAAAAAAAAAAAAAAAAC	1	FALSE
14	37818188	37818189	2	*	NA	CT	C	0	PASS	T	GCGGTGCCACCATGCCCAGCTAATTC	TTTTTTTTTTTTTTTTTTTTTTGAGA	1	FALSE
14	45514746	45514760	15	*	NA	GTATATATATATATA	G	0	PASS	TATATATATATATA	GAGTAGTATTCCATGGTCTGTGTGTG	TATATATATATATATATATATATATA	14	TRUE
14	55912310	55912315	6	*	NA	GAAAAA	G	0	PASS	AAAAA	TTAAGAGGACCTGTCCCTCCTCACAG	AAAAAAAAAATATATATATATATATA	5	TRUE
14	57388822	57388828	7	*	NA	CACATAT	C	0	PASS	ACATAT	ACACACACACACACACACACACACAC	ATATATATATATATATATTTTTTTTT	1	FALSE
14	58346752	58346768	17	*	NA	GAGGAAGGAAGGAAGGA	G	0	PASS	AGGAAGGAAGGAAGGA	GGAAAGGAAAGGAAAGGAAAGGAGGG	AGGAAGGAAGGAAGGAAGGAAGGAAG	16	TRUE
14	64426005	64426008	4	*	NA	CTTT	C	0	PASS	TTT	CCATATTCTTTTTTCTTTTCTTCTTC	TTTTTTTTTTTTTTTTTTTTTTTGAG	3	TRUE
14	64847386	64847387	2	*	NA	CT	C	0	PASS	T	CCTGCGATTCTAATTCTAGGAAATTC	TTTTTTTTTTTTTTTTTTTTCTGAGA	1	FALSE
14	67933711	67933712	2	*	NA	CA	C	0	PASS	A	TGGGCGACAGAGGGGGACCCAATCTC	AAAAAAAAAAAAAAAAAAAAAGACTC	1	FALSE
14	68110569	68110571	3	*	NA	TAA	T	0	PASS	AA	AAGCAGGTAGATTCCTCCTTGGGAGT	AAAAAAAAAAAAAAAAAAAAAAAAAA	2	FALSE
14	71121304	71121321	18	*	NA	CAAAAAAAAAAAAAAAAA	C	0	PASS	AAAAAAAAAAAAAAAAA	CCTGGGCAACAGTAAGGCTCTGTCTC	AAAAAAAAAAAAAAAAAATTCTAATT	17	TRUE
14	74155729	74155731	3	*	NA	GTT	G	0	PASS	TT	CAAAATTGTAACAGTAAAACTTGCTG	TTTTTTTTTTTTTTTTTTTTTTTGAG	2	FALSE
14	74239542	74239543	2	*	NA	TG	T	0	PASS	G	TGTGTGTGTGTGTGTGTGTGTATTTT	TTGTTGTTGTTGTTTTCGAGACAGAG	0	FALSE
14	74787266	74787288	23	*	NA	CTTTTTTTTTTTTTTTTTTTTTT	C	0	PASS	TTTTTTTTTTTTTTTTTTTTTT	AGACTTGAGCCACTGCGCCCGGCCTC	TTTTTTTTTTTTTTTTTTTGAGACGG	19	TRUE
14	76969515	76969516	2	*	NA	TC	T	0	PASS	C	ATCTCCATTCATTCTCTAGTCTCTCT	TTTTTTTTTTTTTTTTTTTGTTAGCA	0	FALSE
14	80650859	80650860	2	*	NA	TA	T	0	PASS	A	CACATGTACCCTAAAACTTAAAGTAT	AAAAAAAAAAAAAAAGAGATGGTACA	1	FALSE
14	82432543	82432544	2	*	NA	CA	C	0	PASS	A	TTGAGGTGCATTAGTGAAGAGGCTTC	AAAAAAAAAAAAAAAATAAGTGAATT	1	FALSE
14	83329218	83329225	8	*	NA	ATTTTTTT	A	0	PASS	TTTTTTT	TTGCAACAATAGCATTTTAGGAATAA	TTTTTTTTTTTTTTTTTTTTTTTTTT	7	TRUE
14	86753395	86753400	6	*	NA	AGGAAG	A	0	PASS	GGAAG	GGGGAGGGAAGGGAAGGGAAGGGAAA	GGAAGGGAAGGGAAGGGAAGGGAAGG	5	TRUE
14	97087476	97087477	2	*	NA	TC	T	0	PASS	C	ATTCTTCTTCTTCTTCTTCTTCTTTT	TTTTTTTTTTTTTTTTTTGAGACAGA	0	FALSE
14	100425714	100425716	3	*	NA	CCT	C	0	PASS	CT	TCTCTTTCTTTCTCTTTCTTTCTTTC	TCTTTCTTCTTTCTTTCTTTTCTTTT	0	FALSE
15	20206759	20206763	5	*	NA	TAGAG	T	0	PASS	AGAG	TGTGAGAGAGAGAGAGAGAGAGAAAT	AGAGAGAGAGGCTGTCTGGTGTCTTT	4	TRUE
15	22197725	22197729	5	*	NA	TGAAG	T	0	PASS	GAAG	AGAAGGTGATATTTGAGAAAAGACTT	GAAGTGTTGGGGCAAGAAATATAAAT	4	TRUE
15	29826310	29826312	3	*	NA	CAA	C	0	PASS	AA	GTCACATCTGCAAGTGCCCCTTGGCC	AAAAAAAAAAAAAAAAAAAAAAAAAA	2	FALSE
15	37283980	37283984	5	*	NA	TTTTC	T	0	PASS	TTTC	ATTAAAGTGTTAATTTTCTTTTTTTT	TTTTTTTTTTTTTTTTTTTTTTGAGA	3	TRUE
15	39281643	39281683	41	*	NA	CCTATGCTATGCTATGCTATGCTATGCTATGCTATGCTATG	C	0	PASS	CTATGCTATGCTATGCTATGCTATGCTATGCTATGCTATG	CCTACATGTGAGTCACTGGATATTTC	CTATGCTATGCTATGCTATGCTATGC	26	TRUE
15	47677011	47677021	11	*	NA	GTTTTTTTTTT	G	0	PASS	TTTTTTTTTT	TCAGAATTAACATTTGATTACTAAAG	TTTTTTTTTTTTTTTTTTTTTGTAAG	10	TRUE
15	47949916	47949931	16	*	NA	CTTTTTTTTTTTTTTT	C	0	PASS	TTTTTTTTTTTTTTT	CATTTAGTGACAGAGGGCTTCATTTC	TTTTTTTTTTTTTTTTTTTTTTTTTG	15	TRUE
15	51486448	51486450	3	*	NA	CTT	C	0	PASS	TT	TTTCTTTCTCTTTCTTTCTTTCTTTC	TCTCTCTCTCTCTCTCTCTCTCTTTT	1	FALSE
15	51645911	51645912	2	*	NA	TA	T	0	PASS	A	TATCAGAACAGTCCTCGGATTTGATT	AAAAAAAAAAAAAAAAAAACCACAGT	1	FALSE
15	64569980	64569985	6	*	NA	ATATAT	A	0	PASS	TATAT	TATAGCAATATTGATATATTTAATAA	TAATATTGATATATTTAATATATTAA	2	FALSE
15	65008124	65008126	3	*	NA	TAC	T	0	PASS	AC	ACGTATATATATACACGTATATATAT	ACACGTATATATATATACACGTATAT	2	FALSE
15	68561936	68561938	3	*	NA	CAA	C	0	PASS	AA	TGGGTGACAGAGCAAGACTCCATCTC	AAAAAAAAAAAAAAAAAAAAAAAGAC	2	FALSE
15	73953583	73953587	5	*	NA	AAAAG	A	0	PASS	AAAG	GAAAGAAAGAAAGAAAGAAAGAAAGA	AAGGAAGGAAGGAAAGAAAGAAAAAG	2	FALSE
15	85243824	85243847	24	*	NA	CAAAAAAAAAAAAAAAAAAAAAAA	C	0	PASS	AAAAAAAAAAAAAAAAAAAAAAA	TGGGTGACAGAGGAAGACTCTGTCTC	AAAAAAAAAAAAAAAAAAAAAAAAGG	23	TRUE
15	85339468	85339509	42	*	NA	AAAATATATATATATATATATATATATATTTTATATATATAT	A	0	PASS	AAATATATATATATATATATATATATATTTTATATATATAT	ACTCTGTCTCAAAAAAAAAAAAAAAA	ATATATATATATATATAAAAAAACGA	1	FALSE
15	90875212	90875214	3	*	NA	AGG	A	0	PASS	GG	AAGAAAAGAGAAAGAAAAGAAAGAAA	AAAGAAAGAAGAAAGAAAGAAGGAAA	0	FALSE
15	90875223	90875225	3	*	NA	AAG	A	0	PASS	AG	AAGAAAAGAAAGAAAGGAAAGAAAGA	AAAGAAAGAAGGAAAGAAAATACCAT	1	FALSE
16	1516924	1516926	3	*	NA	CAA	C	0	PASS	AA	CCTAGGTAACAGCAAGACTCTGTCTC	AAAAAAAAAAAAAAAAAAAAAAAAAA	2	FALSE
16	6537691	6537709	19	*	NA	AAAAAAAAAAAATATATAT	A	0	PASS	AAAAAAAAAAATATATAT	GATATATGTAAAAAAAAAAAAAAAAA	ATATATATATATATATATATATATAT	1	FALSE
16	7005678	7005690	13	*	NA	TTAGGTATGTATG	T	0	PASS	TAGGTATGTATG	TTTGCTACACCACCACTTTATTTATT	TATTTATTTATTTATTTATTTATTTA	2	FALSE
16	9691554	9691555	2	*	NA	CA	C	0	PASS	A	GTGTGACAGAGTGAGACTTCGTCTCC	AAAAAAAAAAAAAAAAAAAAAAAAAA	1	FALSE
16	13840414	13840415	2	*	NA	CT	C	0	PASS	T	GAACAGCACCCAGTTCCCCTATCTGC	AATCAGGCTGGCAGCAAACTTCAGCC	0	FALSE
16	17053571	17053591	21	*	NA	TTTTTTTTAATTTAAAAAAAC	T	0	PASS	TTTTTTTAATTTAAAAAAAC	GGCAAGTGCCAACATGCCTGGCTAAT	TTTTTTTAATTTAAAAAAACTTTTTT	20	TRUE
16	17697238	17697239	2	*	NA	AT	A	0	PASS	T	AGGTGCCCGCCACCACACCCGGCTAA	TTTTTTTTTTTTTTTTTTTTTTTTTT	1	FALSE
16	21166942	21166943	2	*	NA	CA	C	0	PASS	A	TGGGAGACAGAGCAAGACTCCGTCTC	AAAAAAAAAAAAAAAAAAAAAAGTTT	1	FALSE
16	21624489	21624505	17	*	NA	CTTTTTTTTTTTTTTTT	C	0	PASS	TTTTTTTTTTTTTTTT	ATCAGGGGCTAGGTCTGAGAGTCTGC	TTTTTTTTTTTTTTTTTTTTAAAGAC	16	TRUE
16	22639257	22639259	3	*	NA	CAA	C	0	PASS	AA	CCTGGGTGACAGTGAGACGCTGTCTC	AAAAAAAAAAAAAAAAAGAAAGAATG	2	FALSE
16	24639018	24639019	2	*	NA	CT	C	0	PASS	T	GTCTCTTTCATGTTTTCTTTTCTTGC	TTTTTTTTTTTTTTTTTTTTTGACAG	1	FALSE
16	26189191	26189193	3	*	NA	CTT	C	0	PASS	TT	TAGGTAAGCTAGGTTCTCTCTCTCTC	TTTTTTTTTTTTTTTTTTTTTGAGAT	2	FALSE
16	26777385	26777388	4	*	NA	AGAT	A	0	PASS	GAT	TAGATAGATAGATAGATAGATAGATA	GATAGATAGATAGATAAATAGATAGA	3	TRUE
16	26970110	26970118	9	*	NA	ATATATTTT	A	0	PASS	TATATTTT	TGTGTGTGTATGCATATATATATATA	TTTTTTTTTTTTAAATTTCCAATCCT	1	FALSE
16	29515830	29515832	3	*	NA	AAT	A	0	PASS	AT	GACAGAGTGAAACTCTGTCTCAAAAA	ATATGTGTGTGTGTGTGTGTGTGTGT	2	FALSE
16	30511051	30511052	2	*	NA	TA	T	0	PASS	A	ATATATATGTATATATATATATATAT	TATTTTTTTTTTTTTGACACAGAGTC	0	FALSE
16	32452969	32452971	3	*	NA	CTT	C	0	PASS	TT	GGGTGACCGGTGTTAAAACAGAAACC	TTTTTTTTTAAGTTTTTTTCATGGGA	2	FALSE
16	32817400	32817408	9	*	NA	TTTCATCTC	C	0	PASS	TTCATCTC	TTCATTTCATCTCATCATTTCATCTT	ATCATTTCATCATTTCATCTCATTTC	0	FALSE
16	51752940	51752942	3	*	NA	CAA	C	0	PASS	AA	TGGGTGAAAGAGTGAGACTCCGTCCC	AAAAAAAAAAAAAAAAAAAAAAAAGG	2	FALSE
16	53026431	53026433	3	*	NA	AAG	A	0	PASS	AG	AGAAAAAGAAAGAAAGAAAGAAAGAA	AAAGAAAGAAAGAAAGAAAGAAAGAA	1	FALSE
16	56311688	56311710	23	*	NA	TACACACACACACACACACACAC	T	0	PASS	ACACACACACACACACACACAC	GACACAGTACAAAAGGCACACCCCCT	ACACACACACACACACACACACACAC	22	TRUE
16	56630431	56630432	2	*	NA	AG	A	0	PASS	G	ACCCTGTCTCAAAAAAAAAAAAAAAA	AGAGAGAGAAAGAAAAAGAAAATGTC	0	FALSE
16	56859117	56859118	2	*	NA	CT	C	0	PASS	T	CTGAGGTGTGTGCTACCATACCCAGC	TTTTTTTTTTTTTTTTTTTTTTGAGA	1	FALSE
16	57361582	57361598	17	*	NA	CAAAAAAAAAAAAAAAA	C	0	PASS	AAAAAAAAAAAAAAAA	TTTAGAAATAGCCAGTCAATTTTTGC	AAAAAAAAAAAAAAAAAAAAAAATGC	16	TRUE
16	57448322	57448324	3	*	NA	CTT	C	0	PASS	TT	TTCCAAGAGCATGTAAAAAAGGATTC	TTTTTTTTTTTTTTTTTTTTTTTTGA	2	FALSE
16	61668022	61668023	2	*	NA	GT	G	0	PASS	T	AGGATTTTTAGCTAAGTAGACCACTG	TTTTTTTTGTTTTTTTTTTTTGTTTT	1	FALSE
16	64593924	64593926	3	*	NA	TTC	T	0	PASS	TC	TTCTTTCTTCTTCTTCTTCTTCTTCT	TTTTTTTTTTTTTTTTCACGGAGTCT	1	FALSE
16	65927051	65927052	2	*	NA	AT	A	0	PASS	T	TATTTATTTATTTATTTATTTATTTA	TTTATTTATTTTTTTTTTACTTACAT	1	FALSE
16	66895093	66895096	4	*	NA	AAAG	A	0	PASS	AAG	CGGACAGAAGGAAGGAGAAAGAAAAA	AAAGAAGGAAGGAAGGAAGGAAGGAA	2	FALSE
16	74116061	74116063	3	*	NA	GTT	G	0	PASS	TT	TATACATCATTTTTATTTTATTTTGG	TTTTTTTTTTTTTTTTTTTGAGACAG	2	FALSE
16	85889032	85889036	5	*	NA	CATAT	C	0	PASS	ATAT	GTGGGGGAAATGGGGAAATAGACCTC	ATATATATATATATATATATATATAT	4	TRUE
16	87208247	87208261	15	*	NA	TTTGTTTTTTTTTTG	T	0	PASS	TTGTTTTTTTTTTG	AATGCAATTCAAAGGTGGGGAAGTGT	TTTTTTTTTTTTTTTTTTTTTTTTTT	2	FALSE
16	87226971	87226973	3	*	NA	TAC	T	0	PASS	AC	ACACATACACACACACACACACACAT	ACACACACACACACACACACACACAC	2	FALSE
16	87962362	87962372	11	*	NA	CTTTGTTTTTT	C	0	PASS	TTTGTTTTTT	ATTCTCATCTGGATTATTTTCTTTTC	TTTTTTTTTTTTTTTTTTTTGAGACG	3	TRUE
16	89754485	89754486	2	*	NA	CT	C	0	PASS	T	GAGGTTTCAAACCTTGCTACGTGTGC	TTTTTTTTTTTTTTTTTTTTTGAGAC	1	FALSE
17	265174	265176	3	*	NA	TTG	T	0	PASS	TG	TGTCCTGGCATTTCTAGCTGAAAGGT	TGTGTGTGTGTGTGTGTGTGTGTGTG	2	FALSE
17	6977042	6977043	2	*	NA	CA	C	0	PASS	A	GGCAACAAGAAGGAAATTCCCGTCTC	AAAAAAAAAAAAAAAAAAAAAATCAA	1	FALSE
17	7281583	7281586	4	*	NA	AGAG	A	0	PASS	GAG	AAAAAAAAGAAAGAAAGAAAGAGAGA	AAAGAAAGAGAGAAAGAAAGAAAGAA	0	FALSE
17	8267179	8267181	3	*	NA	ATT	A	0	PASS	TT	TATATATATATATATATATATATATA	TATTTATTTATTTATTTATTTTTTAG	1	FALSE
17	10785231	10785235	5	*	NA	GACAA	G	0	PASS	ACAA	AGACAGAGAGAGAGAGAGAGAGAGAG	AGAGAGAGAGAGAGAGAGAATTGGGA	1	FALSE
17	11611276	11611292	17	*	NA	CCACACACACACACACA	C	0	PASS	CACACACACACACACA	TGTTTCTAAAAGGCAGCCTCTCCCAC	CACACACACACACACACACACACACA	16	TRUE
17	12985672	12985674	3	*	NA	ATG	A	0	PASS	TG	AAAGGCACTGCCCCGAGACACTCTGA	TGTGTGTGTGTGTGTGCATGCGTGTG	2	FALSE
17	20213128	20213130	3	*	NA	CTT	C	0	PASS	TT	GTCTACTGGTTTTCTTTCTCCTTTTC	TTTTTTTTTTTTTTTTTTGAGATGGA	2	FALSE
17	25282536	25282539	4	*	NA	ATAT	A	0	PASS	TAT	TGAAGTTGTTGCTGGCAGACCTACCA	TAAAAAAAAAAAAAAAAACTAAAATA	2	FALSE
17	27221634	27221635	2	*	NA	CT	C	0	PASS	T	TCCAGCCTGGGCAACAGAGCAAGACC	TTTTTTTTTTTTTTTTTTTTTTTTTT	1	FALSE
17	33888764	33888772	9	*	NA	AAAAAAAAG	A	0	PASS	AAAAAAAG	TCAAAAAAAAAAAAAAAAAAAAAAAA	AAAGAAAGAAAGAAAGAAAGAAAAAG	3	TRUE
17	39789912	39789914	3	*	NA	GGT	G	0	PASS	GT	GTGTGTATGTGTGTGATGTGTGTGGG	GTGTGTGGTGTTTGTGTGTGTACGTG	2	FALSE
17	42718067	42718068	2	*	NA	TA	T	0	PASS	A	TATAAATATATTATATATATATATAT	TTTTTTTTTTGGATACAGAATTTCAT	0	FALSE
17	51705066	51705071	6	*	NA	ACAACT	A	0	PASS	CAACT	CAGATGCATGCTTAGGAAATAATTTA	CAATTGCATGAGTCAATGTTCATTCA	3	TRUE
17	52216374	52216376	3	*	NA	ATT	A	0	PASS	TT	TATATATATAATATACATAGTATATA	ATATATATAATATACATAGTATATAA	0	FALSE
17	57296420	57296432	13	*	NA	ATTTTTTTTTTTT	A	0	PASS	TTTTTTTTTTTT	GCTCACTTCAACCTCGACTAAAGGAA	TTTTTTTTTTTTTTTTTTTTTTTTTT	12	TRUE
17	61820290	61820291	2	*	NA	CA	C	0	PASS	A	TGGGCGACAGAGCGAGACTCCGTCTC	AAAAAAAAAAAAAAAAAAAAGAAAAA	1	FALSE
17	64478216	64478217	2	*	NA	CA	C	0	PASS	A	CCTGGGCGACAGAGCAAGACTGTCTC	AAAAAAAAAAAAAAAAAAGAAAAAAA	1	FALSE
17	64742272	64742274	3	*	NA	CTT	C	0	PASS	TT	TTGTTTCACCTTTTTTGTTGCCTTGC	TTTTTTTTTTTTTTTTTTTTTTTTTG	2	FALSE
17	70500774	70500775	2	*	NA	CA	C	0	PASS	A	AGACCCTGACCCCCCTCCTCCCCACC	AAAAAAAAAAAAAAAAAAAAAAAAAA	1	FALSE
17	70750180	70750192	13	*	NA	TATATACACATAC	T	0	PASS	ATATACACATAC	ATATGTATATATATATATATATATAT	ACACACACACACACACACACACACAC	1	FALSE
17	72419496	72419498	3	*	NA	TTG	T	0	PASS	TG	AGAGGCAGGGGTCATTGCCCCGCCTT	TTGTTGTTGTTGTTGTTGTTGTTGTT	1	FALSE
17	73265629	73265635	7	*	NA	CTTTTTT	C	0	PASS	TTTTTT	CCGTGTTCTTTTTTTTATGGTTAAAC	TTTTTTTTTTTTTTTTTTTTTTTTGA	6	TRUE
17	74293951	74293958	8	*	NA	GTTTTTTT	G	0	PASS	TTTTTTT	AGTAGCTAGGACTACTTAGGAATCTG	TTTTTTTTTTTTTTTTTTTGAGACAG	7	TRUE
17	78122343	78122344	2	*	NA	CT	C	0	PASS	T	TATTTCCACGAGCGCCAGCTCTGTCC	TTTTTTTTTTTTTTTTTTTTTTTTTT	1	FALSE
17	80989904	80989905	2	*	NA	AC	A	0	PASS	C	CTAAGCCAGGCACAGAAGCTGAACAA	CGGGTCAGACCAGGCCAGGCCTCCGA	1	FALSE
18	147641	147642	2	*	NA	CA	C	0	PASS	A	TGGGTAACAGAGCGAGACTCAGCCTC	AAAAAAAAAAAAAAAAAAAAAAAAGC	1	FALSE
18	3926773	3926782	10	*	NA	GAGCACCTAT	G	0	PASS	AGCACCTAT	GCAGCAATGACATGTTAGTAGCAATG	AGCACCCAGGAGTTGAGTTGTAACAC	6	TRUE
18	19220584	19220585	2	*	NA	CT	C	0	PASS	T	TTGCAAGATTGCATCCCCAGCTTATC	TTTTTTTTTTTTTTTTTTTTTTTTTT	1	FALSE
18	32794024	32794025	2	*	NA	CT	C	0	PASS	T	CCATTCTTTTTTTCTTTCTTTCTTTC	TTTTTTTTTTTTTTTTTTTGAGATGG	1	FALSE
18	33713860	33713866	7	*	NA	GTTTTTT	G	0	PASS	TTTTTT	ACCACGCCTTTCTAGTTTTTTAGGGG	TTTTTTTTTTTTTTTTTTTTTTTTGA	6	TRUE
18	37443495	37443511	17	*	NA	GCACGCACACACACACA	G	0	PASS	CACGCACACACACACA	TTCATTCTTCCAAAACTTCCTATCTG	CACACACACACACACACACACACACA	3	TRUE
18	39634090	39634136	47	*	NA	GTATATATATATATATATATATATATATATATATATATATATATATA	G	0	PASS	TATATATATATATATATATATATATATATATATATATATATATATA	GTTCTCTAGAGGGACAGAACTAATGG	TATATATATATATATATATAAAGGGG	20	TRUE
18	42926933	42926949	17	*	NA	AAAATAAAAATAAAAAT	A	0	PASS	AAATAAAAATAAAAAT	GGCAACACAGCGAGACTCAAAAATAA	AAATAAATAAATAAATAAATAAATAA	7	TRUE
18	54406029	54406030	2	*	NA	CT	C	0	PASS	T	CAGATCATTTAGATAGCATAAAATCC	TTTTTTTTTTTTTTTTTTTTTTTTGC	1	FALSE
18	54567313	54567317	5	*	NA	GTATA	G	0	PASS	TATA	TATATATATGTGTGTGTGTGTGTGTG	TATATATATATATATATATATATAAA	4	TRUE
18	57550186	57550188	3	*	NA	ATT	A	0	PASS	TT	ACATTCTCCTGGCACTCATTATGACA	TATTTATTTATTTATTTATTTATTTA	1	FALSE
18	60842053	60842054	2	*	NA	CA	C	0	PASS	A	GGGGGACAAGAGTGAGACTTTGTCTC	AAAAAAAAAAAAAAAAAAAGCATTAA	1	FALSE
18	75802031	75802033	3	*	NA	GTT	G	0	PASS	TT	ACTTTTCTCTAGACCTTTCCTTATGG	TTTTTTTTTTCTTTCATTTTTCTTGT	2	FALSE
18	76600321	76600323	3	*	NA	TGA	T	0	PASS	GA	ATCCATCTGTGTGAGTTCATATCTGT	GTGTGCATTCATGCCTGTGTGAGCTC	1	FALSE
19	350618	350620	3	*	NA	CAT	C	0	PASS	AT	ACACACACATATATATACACACACAC	ATGTATACAAACACACAAATATATTA	2	FALSE
19	481425	481438	14	*	NA	AGAAGGATGATGGG	A	0	PASS	GAAGGATGATGGG	GGAAGGATGATGGGAAGGATGATGGA	GAAGGATGATGGGGAAGGATGATGGG	13	TRUE
19	2864727	2864741	15	*	NA	GAAAGAAAAAGAAAA	G	0	PASS	AAAGAAAAAGAAAA	TCAAAAAAAAAAAAAAAAAAAAAAAG	AGAAAGAAAGAAGCATGTGTTATGGG	1	FALSE
19	5463453	5463456	4	*	NA	TTCC	T	0	PASS	TCC	CTTCTTCTTCTTCTTCTTCTTCTTCT	TCTTCCTCTTCTTCTTCTTCCTCTTC	2	FALSE
19	8606309	8606310	2	*	NA	GT	G	0	PASS	T	TCTTTGTGTGTGTGTGTGTGTGTGTG	TTTTTTTTTTTTTTTTTTTTGAGACA	1	FALSE
19	12084925	12084936	12	*	NA	TTTCTTTCTTTC	T	0	PASS	TTCTTTCTTTC	CTTTCTTTCTTTCTTTCTTTCTTTCT	TTTCTTTTCTTTCTTTCTTTCTTTCT	2	FALSE
19	18183756	18183760	5	*	NA	CAAAA	C	0	PASS	AAAA	TGGGCGACAGAGCAAGACTCCATCTC	AAAAAAAAAAAAAAAGGAAAAAAAAG	4	TRUE
19	19854962	19854964	3	*	NA	CTT	C	0	PASS	TT	GTCCTTTCCTTTCCTTTTTCCTTTCC	TTTCCTTTCCTTTCCTTTCCTTTTTC	2	FALSE
19	23600236	23600242	7	*	NA	GTATATA	G	0	PASS	TATATA	ACCCATTTTATATGTATATGTATGTG	TATATATATATATATATATATATATA	6	TRUE
19	32510196	32510206	11	*	NA	GAGAGAGAGAA	G	0	PASS	AGAGAGAGAA	AGAAAGAAAGAAAGAAAGAAAGAAAG	AGAAAGAAAGAAAGAAAGAAAGAAAG	3	TRUE
19	34942441	34942442	2	*	NA	GT	G	0	PASS	T	TACCTTTCCTATCTCAGGTTTAACAG	TTTTTTTTTTTTTTTTTTTTTTTTTT	1	FALSE
19	37675258	37675270	13	*	NA	AAAAGAAAGAAAG	A	0	PASS	AAAGAAAGAAAG	CGACAGAGCAAGACTCTGTCTCAAAA	AAAGAAAGAAAGAAAGAAAGAAAGAA	12	TRUE
19	48251036	48251039	4	*	NA	CTTT	C	0	PASS	TTT	CTAATTTCTTTTCTTTTCTCTCTCTC	TTTTTTTTTTTTTTTTTTTTTTGAGA	3	TRUE
19	49461602	49461603	2	*	NA	AT	A	0	PASS	T	AGGGAGGGATATTTCTTTTTGGAAGA	TTTTTTTTTTTTTTTTTTTTTTTTTT	1	FALSE
19	50849281	50849282	2	*	NA	AT	A	0	PASS	T	CAGGTGCCTGCCACCACACCTGGCTA	TTTTTTTTTTTTTTTTTTGTATATTT	1	FALSE
19	54324285	54324287	3	*	NA	CTT	C	0	PASS	TT	TGCCTGAGTATAAATCATATTTTTTC	TTTTTTTTTTTTTTTTTTTTGAGACA	2	FALSE
19	54424839	54424840	2	*	NA	GT	G	0	PASS	T	CTGGTCATTGGTGGAGTTGCCCCAGG	CTGGTCATTGGTGGAGTCGTCCCCAG	0	FALSE
19	54925035	54925039	5	*	NA	GGTGT	G	0	PASS	GTGT	AAGACCTAGGGTAGTGATGAGAGAGG	GTGTGTGTGTGTGTGTGTGTGTGTGT	4	TRUE
19	55374257	55374258	2	*	NA	CT	C	0	PASS	T	AAGAACACTTGAGCCTGGGTTACTTC	TTTTTTTTTTTTTTTTTTTTTGTATA	1	FALSE
19	55830801	55830808	8	*	NA	CTTTTTTT	C	0	PASS	TTTTTTT	CGGCCAGTAATTTCATCTTCTTCTTC	TTTTTTTTTTTTTTTTTTTTTTTGAG	7	TRUE
19	56501445	56501457	13	*	NA	CTTTTTTTTTTTT	C	0	PASS	TTTTTTTTTTTT	ATGCCGTTTCTTTTTTTTCTTTTTTC	TTTTTTTTTTTTTTTTGAGACAGTGT	12	TRUE
19	58901793	58901794	2	*	NA	CT	C	0	PASS	T	TTGTGGGCCACACTGGCCACTGTTAC	TTTTTTTTTTTTTTTTTTTTTTTTTT	1	FALSE
2	1284997	1285012	16	*	NA	GTTTATGTGGTGTGGT	G	0	PASS	TTTATGTGGTGTGGT	TGGTGTGTGGTGTGTGTGTGTTTGTG	GTGTGGTGTGTGTGTGGTGGTATGTG	0	FALSE
2	1723606	1723610	5	*	NA	TTGTG	T	0	PASS	TGTG	CACAGGATGTGTGTACATGCGTGCAT	TGTGTGTGTGTGTGTGTGTGTGTGTG	4	TRUE
2	9258323	9258327	5	*	NA	TTCTC	T	0	PASS	TCTC	TTCACACTCAGGGTTTGTAATGCAGT	TCTTTTTTTTTTTTTTTTTTTTTTTT	3	TRUE
2	12339904	12339906	3	*	NA	CAA	C	0	PASS	AA	CAACATGATTAGCTTCACACGTTACC	AAAAAAAAAAAAAAAAAAAAAAAACA	2	FALSE
2	13624566	13624576	11	*	NA	ATGTGTGTGTG	A	0	PASS	TGTGTGTGTG	AACCTGTTGCCACCATCATAAATATA	TGTGTGTGTGTGTGTGTGTGTGTGTG	10	TRUE
2	16232406	16232407	2	*	NA	GT	G	0	PASS	T	ACAGCATTTTCTGTTTGTTTGGTGTG	TTTTTTTTTTTTTTTTTTTTTTTTGA	1	FALSE
2	18210618	18210621	4	*	NA	ATTT	A	0	PASS	TTT	TACTGTTTTCCATAGTGGTTGTACTA	TTTTTTTTTTTTTTTTTTTTTTTTTT	3	TRUE
2	24844301	24844310	10	*	NA	ATTTTTTTTT	A	0	PASS	TTTTTTTTT	TTGTGTTATGTGTGTATTCAGGCAGA	TTTTTTTTTTTTTTTTTTTTTTTTGA	9	TRUE
2	28666066	28666067	2	*	NA	AT	A	0	PASS	T	TTTTGTTTAGGTCTATAATCCATCTA	TTTTTTTTTTTTTTTTTTTTTTTAGA	1	FALSE
2	30416745	30416746	2	*	NA	AT	A	0	PASS	T	TTTCCTGACCTAGCAGGGGCTCTGTA	TTTTTTTTTTTTTTTTTTTTTTTTGC	1	FALSE
2	31468411	31468421	11	*	NA	ATATATATATT	A	0	PASS	TATATATATT	TTATCCCAAATATATATATATATATA	TTTTTTTTTTTTTTTTTTTTGATGAG	1	FALSE
2	32106564	32106565	2	*	NA	TA	T	0	PASS	A	AGGTGATAGAGTGAGAGCCTGTCTTT	AAAAAAAAAAAAAAAAAAAAAAACAG	1	FALSE
2	33880002	33880003	2	*	NA	GA	G	0	PASS	A	GTTTCTGTCCATTCTTAGAAATGGGG	AAAGGCAGCAGTTAAGAGCTTTTTCC	1	FALSE
2	37746699	37746709	11	*	NA	AATATATATGT	A	0	PASS	ATATATATGT	ATATATGTATATATGTATATATATGA	ATATATGTATATATATGAATATATAT	6	TRUE
2	40205967	40205969	3	*	NA	CTA	C	0	PASS	TA	ACAGTTCTATATAGAATATATAGTTC	TATATATAGAATATGTACAGTTCTAT	2	FALSE
2	41679863	41679865	3	*	NA	CTT	C	0	PASS	TT	ATGTTAAATCATTTAGAGTATCAGCC	TTTTTTTTTTTTTTTTTTTTTTTTGA	2	FALSE
2	45943871	45943875	5	*	NA	AAAGT	A	0	PASS	AAGT	GAAGGAAGGAAGGAAGGAAGGAAGGA	AGGAAGGAACTTCCCGAGACTGCAGA	1	FALSE
2	46095353	46095355	3	*	NA	CTT	C	0	PASS	TT	GGTCTGGTTGGGGGGTGTAACGGAGC	TTTTTTTTTTTTTTTTTTTTGTTCTC	2	FALSE
2	61281860	61281862	3	*	NA	ATG	A	0	PASS	TG	TGTGTGTGTATATATATGTGTATATA	TGTGTGTGTGTGTGTATATATATATA	2	FALSE
2	61851032	61851047	16	*	NA	TAATAAAATAAAATAA	T	0	PASS	AATAAAATAAAATAA	CAGAGCAAGACGCTGTCTCAAAAAGT	AATAAAATAAAATAAAATAAAATAAA	15	TRUE
2	62856752	62856769	18	*	NA	CTCTCCCTCTCCCCACGG	C	0	PASS	TCTCCCTCTCCCCACGG	CCCTCTCCCTCTCCCCACGGTCTCCC	TCTCCCTCTCCCTCTCCCCACGGTCT	12	TRUE
2	79414387	79414391	5	*	NA	TTTTC	T	0	PASS	TTTC	TTTTCTTTTCTTTTCTTTTCTTTTCT	TTTTCTTTTTTTTTTTTTTTTTGAGA	3	TRUE
2	80078863	80078865	3	*	NA	CTT	C	0	PASS	TT	TTTTCTTTTTCATTTTTTTCTTTTCC	TTTTTTTTTTTTTTTTTTTTGAGACA	2	FALSE
2	80209379	80209383	5	*	NA	TACAC	T	0	PASS	ACAC	ATATATATATATATGTATGTATATGT	ACACACATAACATATATATAATATAT	4	TRUE
2	87625249	87625253	5	*	NA	CGCCA	C	0	PASS	GCCA	GCCAAGCCACCTAGCCAGCCAGGCCC	GCCAGCCAGCCAGGCAGCCAAGCCAG	4	TRUE
2	91738811	91738815	5	*	NA	TTTAA	A	0	PASS	TTAA	TTCATCATTTAATTTCATCATCTCAT	TTTCACCTCATTTCATTATTTCATTT	2	FALSE
2	92317162	92317164	3	*	NA	GAA	G	0	PASS	AA	TACAAGCTAGATAGAAGCAATGTCAG	ACTTTTTCATGATGTATCTACTCAGC	1	FALSE
2	96653353	96653354	2	*	NA	CT	C	0	PASS	T	TTTTAGATATTACTACTTACAAAGAC	TTTTTTTTTTTTTTTTTTTTTTTTTT	1	FALSE
2	104321543	104321551	9	*	NA	TATATATAA	T	0	PASS	ATATATAA	ATATTTATATATATAAAAATTCATTT	ATATATATATAAATTCATTTATATAT	7	TRUE
2	106138787	106138789	3	*	NA	AAG	A	0	PASS	AG	TCAAAAAAAAAAAAAAAAAAAAAAAA	AAGAAGAAGAAGACTTACGCCTTCTC	1	FALSE
2	106904377	106904380	4	*	NA	AAAC	A	0	PASS	AAC	GAGAAAGATTCTATCTCAAAAAAAAA	AAAAAAAAAACAAAACAAAACAAAAA	2	FALSE
2	110364249	110364252	4	*	NA	CTTT	C	0	PASS	TTT	AAAAAATTGCACTAAAAATTTTAAGC	TTTTTTTTTTTTTTTTTTTTTTGAGA	3	TRUE
2	114351809	114351810	2	*	NA	AG	A	0	PASS	G	GGGCTCTTGGAGGTAGGGGAGCTACA	GGGCGACTGGGAGGAGGATGTCGTGT	1	FALSE
2	117658329	117658330	2	*	NA	TC	T	0	PASS	C	CGCCTGGCCTTTTTTTCTTTTTCTTT	TTTTTTTTTTTTTTTTTTTTTTTGAG	0	FALSE
2	118957973	118957981	9	*	NA	TATATACAC	T	0	PASS	ATATACAC	ACACACATATATATATACACACATAT	ATATATACACACATATATATACACAT	5	TRUE
2	119321460	119321480	21	*	NA	AAAAGAAAGAAAGAAAGAAAG	A	0	PASS	AAAGAAAGAAAGAAAGAAAG	GAAGCCTGTAGACCAAAAAAAAAAAA	AAAGAAAGAAAGAAAGAAAGAAAGAA	20	TRUE
2	120287126	120287134	9	*	NA	CAAAAAAAA	C	0	PASS	AAAAAAAA	TGGGCGACAGAGCGAGACTCCGTCTC	AAAAAAAAAAAAAAAAAAGAGTGAGG	8	TRUE
2	124116376	124116404	29	*	NA	CTTTTTTTTTTTTTTTTTTTTTTTTTTTT	C	0	PASS	TTTTTTTTTTTTTTTTTTTTTTTTTTTT	ATTATTTCCTTTCCCATCTGCATAGC	TTTTTTTTTTTTTTTTTTTTGCCTTT	20	TRUE
2	126652538	126652540	3	*	NA	CAT	C	0	PASS	AT	ATATATATTCCCATATATATATTCCC	ATATATATTCCCATATATATATATTC	2	FALSE
2	132769621	132769622	2	*	NA	TA	T	0	PASS	A	CTATAAAATAAACGTGTTTATTATAT	AAAATATATATTATTAATATTATATA	1	FALSE
2	138668988	138668996	9	*	NA	ATTTTTTTT	A	0	PASS	TTTTTTTT	AGATTGCAGCTGCATATAAGATAGAA	TTTTTTTTTTTTTTTTTTTTTTTGAG	8	TRUE
2	139742522	139742526	5	*	NA	TCTTC	T	0	PASS	CTTC	CACTTTCCTTTCTTTCTTTTTTCTTT	CTTCCTTCCTTCCTTCCTTCCTTCCT	4	TRUE
2	141501559	141501562	4	*	NA	AAGT	A	0	PASS	AGT	CAAAAAAAAAAAAAAAAAAAAAAAAA	AAAAAGTAAAATCCATAGACATAGAC	1	FALSE
2	154202149	154202153	5	*	NA	TTTTC	T	0	PASS	TTTC	TTTCTTTTCTTTTCTTTTCCTTTCTT	TTTCTTTCTTTCTTTCTTTCTTTCTT	4	TRUE
2	165440657	165440658	2	*	NA	AT	A	0	PASS	T	ATAGGCATCCACCACCAGCCTGGCTA	TTTTTTTTTTTTTTTTTTTTTTTTTT	1	FALSE
2	166377292	166377293	2	*	NA	AT	A	0	PASS	T	ATATAGAAATATATTATATATATATA	TATATATATATATATATATATATATA	1	FALSE
2	169936391	169936393	3	*	NA	GAA	G	0	PASS	AA	CATCTGAAAGAAAGAAAGAAAGAAAG	AGAGAGAGAGAGAGGGAGGGAGGGAG	1	FALSE
2	170322955	170322961	7	*	NA	TATAAAC	T	0	PASS	ATAAAC	CATAAATATATATTTATATTTAATAT	ATATATTTATATTTATATATTAAATA	3	TRUE
2	170448430	170448431	2	*	NA	AT	A	0	PASS	T	TTCTAGTATTTTTAGGCAATTCATGA	TTTTTTTTTTTTTTTTTTTTTTTTGA	1	FALSE
2	173722609	173722645	37	*	NA	CAAAAAAAAAAAAAAAAAAAAAAAAAAAAAAAAAAAA	C	0	PASS	AAAAAAAAAAAAAAAAAAAAAAAAAAAAAAAAAAAA	TGACTGACAGAGCAAGACCCTGTCTC	AAAAAAAAAAAAAAAAAAAAAGGAAA	21	TRUE
2	173776486	173776487	2	*	NA	CT	C	0	PASS	T	ACAGACATGAACCACTGTGCTAAGCC	TTTTTTTTTTTTTTTTTTTTTTTTCA	1	FALSE
2	178718405	178718411	7	*	NA	ATATGTG	A	0	PASS	TATGTG	TATATATATATATATATATATATATA	TGTGTGTGTGTGTGTGTGTGTGTGTG	1	FALSE
2	178720630	178720634	5	*	NA	AACAC	A	0	PASS	ACAC	ATTCATAGACATCTAGAACGTATGCA	ACACACACACACACACACACACACAC	4	TRUE
2	179892373	179892384	12	*	NA	CAAAAAAAAAAA	C	0	PASS	AAAAAAAAAAA	GGCAACAGAGTGAGACTCTTACTCTC	AAAAAAAAAAAAAAAAAAAAAAAAGT	11	TRUE
2	182283591	182283592	2	*	NA	CT	C	0	PASS	T	ACATCTAGCAGAGTTGCAAGCTTTCC	TTTTTTTTTTTTTTTTTTTTTTTTTG	1	FALSE
2	184148588	184148619	32	*	NA	TTTCTTTCTTTCTTTCTTTCTTTCTTTCTTTC	T	0	PASS	TTCTTTCTTTCTTTCTTTCTTTCTTTCTTTC	CTTTCTTTCTTTCTTTCTTTCTTTCT	TTTCTTTCTTTCTTTCTTTCTTTCTC	2	FALSE
2	195487900	195487902	3	*	NA	TTG	T	0	PASS	TG	TCGTTTTTTGTTTCTTCTGTTTTTTT	TTTGTTTGTTTCTATTTTCTTTTTTC	1	FALSE
2	197490750	197490751	2	*	NA	CA	C	0	PASS	A	TGGGTGACAGAGCAAAACCCCATCTC	AAAAAAAAAAAAAAAAAAAAAAGGAA	1	FALSE
2	200566022	200566051	30	*	NA	TAAAAAAAAAAAAAAAAAAAAAAAAAAAAA	T	0	PASS	AAAAAAAAAAAAAAAAAAAAAAAAAAAAA	TCAGAATGGCTGTTACTTGAAAGTTT	AAAAAAAAAAAAAAAAAAAAAAAACC	24	TRUE
2	204135803	204135809	7	*	NA	ATATTTT	A	0	PASS	TATTTT	TATATATATATATATATATATATATA	TTTTTTTTTTTTTTTTTTTGAGACGG	1	FALSE
2	208685614	208685617	4	*	NA	CTTT	C	0	PASS	TTT	TACTTGAGATAATTTAAAAGTGGTTC	TTTTTTTTTTTTTTTTTTTTTGAGAC	3	TRUE
2	209037844	209037846	3	*	NA	CAA	C	0	PASS	AA	GGCAACAAGAGTTAAAACCTCATCTC	AAAAAAAAAAAAAAAAAAAAAACTCA	2	FALSE
2	212182646	212182647	2	*	NA	CG	C	0	PASS	G	ATATATGTATATGAATATATATACAC	TATATATGTATATGAATATATATACA	0	FALSE
2	213814547	213814550	4	*	NA	GTTT	G	0	PASS	TTT	TTAGAAGGGCTTTTTTAAGTCAGTAG	TTTTTTTTTTTTTTTTTTTTTTTTTA	3	TRUE
2	218094162	218094166	5	*	NA	CTTTT	C	0	PASS	TTTT	AGTCAGCCTGTCTTTTTCTTTTTCTC	TTTTTTTTTTTTTTTTTTTTTTGAGA	4	TRUE
2	218674299	218674307	9	*	NA	GATAGGTGC	G	0	PASS	ATAGGTGC	GGATGGATGGATGGATGGATGGATGG	ATGGATGGATGGATGGATGGATGGAT	2	FALSE
2	219186346	219186347	2	*	NA	CT	C	0	PASS	T	CCAGCAGCAGCAAAGGTGAGCTTGAC	TTTTTTTTTTTTTTTTTTTTTGAGAC	1	FALSE
2	219453311	219453313	3	*	NA	CTT	C	0	PASS	TT	ACAGTCATGAGCCACTCCACCCGGCC	TTTTTTTTTTTTTTTTTTTTTTTTGA	2	FALSE
2	221656694	221656695	2	*	NA	AT	A	0	PASS	T	TGTATATATATATATATATATATATA	TTTTTTTTTTTTTTTTTTTTTTTTTT	1	FALSE
2	227910499	227910501	3	*	NA	CAT	C	0	PASS	AT	GACTCCATCTCAAAAAAAAAAAATAC	ATATATATATATACACATATATATAT	2	FALSE
2	232716732	232716733	2	*	NA	TC	T	0	PASS	C	CTTTCTTTCTTTCTTTCTTTTTCCTT	CTTCCTTCCTTCCTTCCTTCCTTCCT	1	FALSE
2	234166662	234166670	9	*	NA	AATATCTAT	A	0	PASS	ATATCTAT	GACTCCGTCTCAAAAAAAAAAAAAAA	ATATCTATATATCTATATATCTATAT	8	TRUE
2	235656231	235656232	2	*	NA	AT	A	0	PASS	T	TAGTAATTGTTGCTATATGGTTGCAA	TTTTTTTTTTTTTTTTTTTTTTTTTG	1	FALSE
2	235999540	235999552	13	*	NA	CTTCTTTCTTTCT	C	0	PASS	TTCTTTCTTTCT	AGACTTTGGTTGGTTTTCTTCCTTCC	TTCTTTCTTTCTTTCTTTCTTTCTTT	12	TRUE
20	1929382	1929388	7	*	NA	AAAAAAG	A	0	PASS	AAAAAG	GACTCTGTCTCAAAAAACAAAAAAAA	AAAAAAGAAAAAAGTAAAAAGAAAAG	5	TRUE
20	6586806	6586808	3	*	NA	CTT	C	0	PASS	TT	CCTTCCTCTTTCTTTCTCTTTCTTTC	TCTTTCTCTTTCTTTCTTTCTTTCTT	1	FALSE
20	7791370	7791371	2	*	NA	CT	C	0	PASS	T	TTTGCTTAGTAAATATTCCTCCATCC	TTTTTTTTTTTTTTTTTTTTGGAGAT	1	FALSE
20	8012407	8012430	24	*	NA	GATGTATGTGTGTATGTATGATGT	G	0	PASS	ATGTATGTGTGTATGTATGATGT	ATGTATGATGTATGTGTGTATGTATG	ATGTATGTATGTATGTATGATGTATG	8	TRUE
20	9171992	9171993	2	*	NA	AT	A	0	PASS	T	AAGGGCTGGAGGGAACTAGATAGGCA	TTTTTTTTTTTTTTTTTTTTTTTTTT	1	FALSE
20	18445311	18445313	3	*	NA	CTT	C	0	PASS	TT	TGGAAAAGTTTGGGGAGCACCGGGAC	TTTTTTTTTTTTTTTTTTTTTTTTGA	2	FALSE
20	38722986	38722989	4	*	NA	CTTT	C	0	PASS	TTT	TCCTTCTTCTCCCTTAGGCTATATGC	TTTTTTTTTTTTTTTTTTTTTTTTGA	3	TRUE
20	40477104	40477105	2	*	NA	AT	A	0	PASS	T	GTACATTGCTTTGTGTCAATCTCACA	TTTTTTTTTTTTTTTTTTTTGAGACG	1	FALSE
20	40991910	40991924	15	*	NA	TTATATATATATATA	T	0	PASS	TATATATATATATA	ACATTCTTGCAGCAATTTATTACAAT	TATATATATATATATATTTTTTTTTT	14	TRUE
20	45197040	45197041	2	*	NA	CA	C	0	PASS	A	TGACAGAGAGAGCGAGACTCCATCTC	AAAAAAAAAAAAAAAAAAAAAAAAAT	1	FALSE
20	58066389	58066393	5	*	NA	ATTTT	A	0	PASS	TTTT	AGGCGTTTGCCACCACGCCTAGCTAA	TTTTTTTTTTTTTTTTTTTTTTGGTA	4	TRUE
20	58593757	58593768	12	*	NA	CTTTTTTTTTTT	C	0	PASS	TTTTTTTTTTT	TGTTTCTTACTTCCTCTCTTACTGCC	TTTTTTTTTTTTTTTTTTTTTTTGCA	11	TRUE
20	61852862	61852880	19	*	NA	CGGACTGCAGGGATTGCAG	C	0	PASS	GGACTGCAGGGATTGCAG	CGTGCCTTGCTCATCGCAGTAGCTTC	GGACTGCAGGGATTGCAGGGATTGCA	18	TRUE
21	9438733	9438755	23	*	NA	ACGCGGCTTTTTGCGCCCACCGC	A	0	PASS	CGCGGCTTTTTGCGCCCACCGC	TCCCCCACCGCCGCGGGTTTTGCGGA	CGCGGCTTTTTGCTCCGTGCCGCTCG	13	TRUE
21	10104115	10104116	2	*	NA	AG	A	0	PASS	G	TGGAATTGTAACAGATGGATTATAAA	ATGATTCCATGATAAACATGTAAATG	0	FALSE
21	10131812	10131813	2	*	NA	GT	G	0	PASS	T	AACTATAAATGGTGTATGTCTTCTGG	TTTTACAAGCTCTTGGTCTAACACAG	1	FALSE
21	10160169	10160170	2	*	NA	GT	G	0	PASS	T	GTTTGGAAATACTACAGCCTTCTCTG	TTTTTTTGAATAGTTTGAGTAGGATT	1	FALSE
21	10833426	10833431	6	*	NA	CGGAAT	T	0	PASS	GGAAT	GCAAATGTAATTGAATGGATTGGACC	GGAATGGAATGGAATGGAATGGAATG	5	TRUE
21	11039942	11039945	4	*	NA	GTTC	C	0	PASS	TTC	AAAATATTCTTTGGATATAATCGTTG	TTCATCATTGTCTGTAAATTAAAAGA	3	TRUE
21	11187221	11187226	6	*	NA	TATATA	A	0	PASS	ATATA	ATAATATATTTCATATGTAATATATT	TGATATATATTATATATGATATAAAT	0	FALSE
21	18227013	18227016	4	*	NA	TTTC	T	0	PASS	TTC	TTTTTTTTTTTTTTTTTTTTTTTTTT	TGAGACAGGGTCTCATTCTGTCGCCA	1	FALSE
21	24962917	24962918	2	*	NA	CT	C	0	PASS	T	CCTAATGCCTGTACCCCTATTTTATC	TTTTTTTTTTTTTTTTTTTTTTTGAG	1	FALSE
21	28788482	28788483	2	*	NA	TG	T	0	PASS	G	TTGAAGAAGTAAGCACCTCTTCCAGT	TTTTTTTTTTTTTTTTTTTTTTTTTT	0	FALSE
21	29186708	29186748	41	*	NA	CACACACACACACACACACACATACACACACACACATATAT	C	0	PASS	ACACACACACACACACACACATACACACACACACATATAT	ACACACACACACACACACACATATAC	ACACACACACATACACACACACATAT	11	TRUE
21	36597134	36597139	6	*	NA	TAAAAA	T	0	PASS	AAAAA	GGGAGACAGAGCGAGACTCTGTCTCT	AAAAAAAAAAAAAAAAAAAAAAAGAA	5	TRUE
21	39618995	39619023	29	*	NA	GATGGATGGATGGATGGATGGATGGATGC	G	0	PASS	ATGGATGGATGGATGGATGGATGGATGC	GGATGGGTGAATGGATGGATGGATGG	ATGGATGGATGGATGGATGGATGGAT	26	TRUE
21	44146733	44146734	2	*	NA	TA	T	0	PASS	A	ATATATATATATATATATATATATAT	TTTTTTTTTTTTTTTTTGTAGAGATG	0	FALSE
22	32309672	32309673	2	*	NA	CT	C	0	PASS	T	TGCCTGGCTGTCTCTCTGCTCTATGC	TTTTTTTTTTTTTTTTTTTTTTGAGA	1	FALSE
22	35398562	35398563	2	*	NA	CA	C	0	PASS	A	CTGGCGACAGAACGAGACTCCATCTC	AAAAAAAAAAAAAAAAAAAAAAAGTG	1	FALSE
22	36470203	36470209	7	*	NA	ATATATG	A	0	PASS	TATATG	AAAGTGTATATATATATATATATATA	TGTGTATATATATATTAGCTGGGTGT	1	FALSE
22	37721794	37721805	12	*	NA	CTTTTTTTTTTT	C	0	PASS	TTTTTTTTTTT	TTTCTCTTTTTCTTTTTCTTTCTTTC	TTTTTTTTTTTTTTTTTTTTAGATGG	11	TRUE
22	40560783	40560785	3	*	NA	GTT	G	0	PASS	TT	CTGTCTCAAAAAAAAAAAAAAAAAAG	TTTTTTTTTTTTTCCCTGAAATAGCG	2	FALSE
22	40982907	40982910	4	*	NA	GTGC	G	0	PASS	TGC	GCCTCTAGTGCTGCTGGTGCTGCTGG	TGCTGGTGCTGGTGCTGGTGCTGCTG	3	TRUE
22	41435450	41435451	2	*	NA	TA	T	0	PASS	A	CAACAGTGAGACCCCTGTCTCTCTCT	AAAAAAAAAATATATATATATATATA	1	FALSE
22	41583134	41583135	2	*	NA	CA	C	0	PASS	A	TGGGGGACAGAGCAAGACTCCACCTC	AAAAAAAAAAAAAAAAAAAAAAAAAA	1	FALSE
22	46066318	46066320	3	*	NA	CTT	C	0	PASS	TT	GCAGCAGCATTCATTTCCCTCCCTCC	TTTTTTTTTTTTTTTTTTTTTTTTTG	2	FALSE
3	4498722	4498768	47	*	NA	GTATATATATATACGTGTGTGTATATATATATATATACGTGTGTGTA	G	0	PASS	TATATATATATACGTGTGTGTATATATATATATATACGTGTGTGTA	TGTGTACATATATATACGTGTGTGTG	TATATATATATTTTTTTTGTTTTGTT	11	TRUE
3	23370152	23370153	2	*	NA	TC	T	0	PASS	C	GCTAAAATGCCGTAATCTCTCTCTCT	TTTTTTTTTTTTTGTTTTGAGACGGA	0	FALSE
3	23963061	23963062	2	*	NA	GT	G	0	PASS	T	TTCACACAGCAACATTGATTATTGAG	TTTTTTTTTTTTTTTTTTTTTTCCAG	1	FALSE
3	27943944	27943945	2	*	NA	AT	A	0	PASS	T	GGTTTTATCTTGCAAACGGCTCACCA	TTTTTTTTTTTTTTTTTTTTTTTTTT	1	FALSE
3	28906957	28906959	3	*	NA	CCT	C	0	PASS	CT	TTTCTTTCTTTCTCTTTCTTTCTTTC	TCTTTCTTTCTTTTTCTTTCTTTCTC	0	FALSE
3	30213934	30213936	3	*	NA	TGA	T	0	PASS	GA	ATATCATATATGTGTCTCATATATAT	TATATATGTGTCTCATATATAGATCA	0	FALSE
3	38202741	38202752	12	*	NA	ATATATTTCATG	A	0	PASS	TATATTTCATG	ATTTCATGTATAATATATTTCATGTA	TATATTTCATGTATATTTCATGTATA	11	TRUE
3	39211204	39211208	5	*	NA	AGAAG	A	0	PASS	GAAG	AAAAAAAAAAAAAAAAAAAAAAAAAA	AAGAAGAAGAAGAAGAAAAAGAAAAA	0	FALSE
3	49827544	49827552	9	*	NA	TTCTCTCTC	T	0	PASS	TCTCTCTC	AAAGCCAGACAGCCAGACCCTATCTT	TCTCTCTCTCTCTCTCTCTCTCTCTC	8	TRUE
3	54581699	54581700	2	*	NA	CT	C	0	PASS	T	TTTTAAAGAAGAACCTCCCCCAACCC	TTTTTTTTTTTTTTTTTTTTTTTTTA	1	FALSE
3	55402339	55402343	5	*	NA	CCACA	C	0	PASS	CACA	GGAAAAGACCCTGGAACTCCCCCTGC	CACACACACACACACACACACACACA	4	TRUE
3	59068154	59068157	4	*	NA	TATA	T	0	PASS	ATA	ATATATATATATATATATATATATAT	TATTTTTTTTTTTTTTTTTTTTTGAG	0	FALSE
3	60043856	60043857	2	*	NA	GT	G	0	PASS	T	TATTGTATAATGAGTACAGAGTTGTG	TTTTTTTTTTTTTTTTTTTTTTTTTT	1	FALSE
3	60404107	60404115	9	*	NA	GTGTATATA	G	0	PASS	TGTATATA	AACCTATATATATGTATCTGAATGTG	TATATATATATATATATATATATATA	1	FALSE
3	60845395	60845406	12	*	NA	ATTTTTTTTTTT	A	0	PASS	TTTTTTTTTTT	ACATTTGCAGTGGATTCTGAATACGA	TTTTTTTTTTTTTTTTTTTTTTTTTT	11	TRUE
3	61991364	61991367	4	*	NA	CTTT	C	0	PASS	TTT	ATAACGTATCAAAGACATTAATATCC	TTTTTTTTTTTTTTTTTTTTTTTTTG	3	TRUE
3	72094713	72094718	6	*	NA	CTATAA	C	0	PASS	TATAA	TATATATAACTATAATATAATATAAC	TATATAGTTATATTTAATATAACTAT	4	TRUE
3	75746714	75746715	2	*	NA	TG	T	0	PASS	G	CAAGATTCTGCTTCAACTTCTGCCAT	ACTGTAAACTTCCACAGGCCACCCCA	0	FALSE
3	79072846	79072848	3	*	NA	GTT	G	0	PASS	TT	ATTTTTTTTTTTTTTTTGAGACAGAG	TTTTTTTTTTTTTTTTTTTTTTTGAG	2	FALSE
3	86454275	86454284	10	*	NA	CTTTTTTTTT	C	0	PASS	TTTTTTTTT	ACTCTTTTTACTCTACAGATATTGAC	TTTTTTTTTTTTTTTTTTTTGAGACG	9	TRUE
3	87844132	87844133	2	*	NA	CT	C	0	PASS	T	CAAAGACTTTCAAAATTATGACTGAC	TTTTTTTTTTTTTTTTTTTTTTTTTT	1	FALSE
3	99854282	99854286	5	*	NA	ATGTG	A	0	PASS	TGTG	CTGAGGAGCCTTTGTGTGTGTGTGCA	TGTGTGTGTGTGTGTGTGTGTGTGTG	4	TRUE
3	100675058	100675070	13	*	NA	AACACACACACAC	A	0	PASS	ACACACACACAC	TGTCTCAAAAAAAAAAAAGAAAAACA	ACACACACACACACACACACACACAC	12	TRUE
3	101335189	101335194	6	*	NA	CCTTTT	C	0	PASS	CTTTT	TACAGGCGTGAGCCACTGCACCCAGC	TTTTTTTTTTTTTTTTTTTTGACAAG	0	FALSE
3	103209483	103209487	5	*	NA	CTTTT	C	0	PASS	TTTT	TTCCTGAAGCTTGCACTACTCACTTC	TTTTTTTTTTTTTTTTTTTTTTTGAG	4	TRUE
3	108514792	108514799	8	*	NA	GTTTTTTT	G	0	PASS	TTTTTTT	ATGAGCCACTGCGCCCAGCCAATAAG	TTTTTTTTTTTTTTTTTTTAGAGGTA	7	TRUE
3	109040429	109040430	2	*	NA	GT	G	0	PASS	T	ATAAAAGTGGAGCGACTCTGGTTGGG	TTTTTTTTTTTTTTTTTTTTTTTGAG	1	FALSE
3	109625821	109625825	5	*	NA	GATAT	G	0	PASS	ATAT	CATGGATGTGTTTCCATTTGTTTGTG	ATATATATATATATATATATATATAT	4	TRUE
3	115255914	115255918	5	*	NA	TATAG	T	0	PASS	ATAG	ATATATATATATATATATATATATAT	AGAGAGAGAGAGAGAGAGAGAGAGAG	1	FALSE
3	116383211	116383214	4	*	NA	TAAC	T	0	PASS	AAC	CAAGTGTGCAACCAACACACCCAACT	TTTTTTTTTTTTTTTTTTTTTGAGAT	0	FALSE
3	132074353	132074354	2	*	NA	AT	A	0	PASS	T	ATCTTATTTTATTTTATTTTATTTTA	TTTTATTTTATTTTATTTTATTTTTG	1	FALSE
3	136166438	136166442	5	*	NA	ATTTT	A	0	PASS	TTTT	TCCTTATCCCTCTGAAAAGCATCACA	TTTTTTTTTTTTTTTTTTTTTTTTGA	4	TRUE
3	138609229	138609241	13	*	NA	CTCTCGCTCGCTT	C	0	PASS	TCTCGCTCGCTT	TTTCTTTCTTTTTCTTTCTTTCTTTC	TCTTTCTTTCTTTCTTTCTTTCTTTC	3	TRUE
3	147536340	147536341	2	*	NA	GA	G	0	PASS	A	GAGACAGAGTGAGATCCTGTCTCAAG	AAAAAAAAAAAAAAAACCCGCCAAAA	1	FALSE
3	151242790	151242803	14	*	NA	CTTTTTTTTTTTTT	C	0	PASS	TTTTTTTTTTTTT	TAACAATTTTAAAAATGCATTACACC	TTTTTTTTTTTTTTTTTTTTTTTTTT	13	TRUE
3	154363926	154363927	2	*	NA	CT	C	0	PASS	T	ACCTCTGGCAGTCCTCCTTTTCATCC	TTTTTTTTTTTTTTTTTTTTTTGCTT	1	FALSE
3	155645808	155645809	2	*	NA	CT	C	0	PASS	T	ATTTTATGTGCATGTGCATTTTACAC	TTTTTTTTTTTTTTTTTTTTTTTTGA	1	FALSE
3	161087074	161087104	31	*	NA	TTTTCTTTCTTTCTTTCTTTCTTTCTTTCTC	T	0	PASS	TTTCTTTCTTTCTTTCTTTCTTTCTTTCTC	TCTCTTTCTTTTTCTTCTTTCTTTCT	TTTCTTTCTTTCTTTCTTTCTTTCTT	26	TRUE
3	162758038	162758044	7	*	NA	TATATAG	T	0	PASS	ATATAG	TTTGTTAGTTTTAATATGTTTATGTT	ATATAGATATAGATATAGTGTGTGTG	6	TRUE
3	163502744	163502745	2	*	NA	GT	G	0	PASS	T	GAGAAATCTGCTGTTAATCTGATAGG	TTTTTTTTTTTTTTTTTGATAGGTTT	1	FALSE
3	164482887	164482888	2	*	NA	CT	C	0	PASS	T	AAGGAATATTGAACTTTGTCAAATGC	TTTTTTTTTTTTTTTTTTTTGCATCG	1	FALSE
3	165206669	165206670	2	*	NA	GT	G	0	PASS	T	ATTTATCCTCAGCCACATTGCCCTTG	TTTTTTTTTTTTTTTTTTTTTTTTTT	1	FALSE
3	166598290	166598299	10	*	NA	AATATATATT	A	0	PASS	ATATATATT	TTAATATATTTATATGTAAATATATA	TAATATATTTATATGTAAATATATAA	0	FALSE
3	180310481	180310486	6	*	NA	CTTTTT	C	0	PASS	TTTTT	TCCCTATTTCATAATTGCGCACATTC	TTTTTTTTTTTTTTTTTTTTTTTTTG	5	TRUE
3	181419858	181419860	3	*	NA	CCA	C	0	PASS	CA	ATACACACATATACACACACACACAC	ACACACACACACACACACACACACAC	0	FALSE
3	183327556	183327557	2	*	NA	TA	T	0	PASS	A	GCGAGAAACACCCAAGAATGATCAAT	AAAAAAAAAAAAAAAAGATATGGAAA	1	FALSE
3	184335422	184335425	4	*	NA	GAGA	G	0	PASS	AGA	GGAGGAGGAGGAGAAGGAGGAGGAGG	AGGAGAAGGAGAAGGAGAGGAAGAGG	2	FALSE
3	185172167	185172178	12	*	NA	GATATATGAGAT	G	0	PASS	ATATATGAGAT	AGATATATATGAGATATATATATGAG	ATATATGAGATATATATATGAGATAT	11	TRUE
3	185172389	185172391	3	*	NA	TGA	T	0	PASS	GA	TATATATATGATATATAGATATATAT	GATATATATGATATATATATGAGATA	2	FALSE
3	185356773	185356775	3	*	NA	CAA	C	0	PASS	AA	AGGGCAAAAAGAGCGCAACTCCACTC	AAAAAAAAAAAAAAAAAAAAAAAGTG	2	FALSE
3	187860311	187860315	5	*	NA	GAAGA	G	0	PASS	AAGA	CAGGAATGAGGATCTTCATCCTGTAG	AAGAAAGAAAGAAAGAAAGAAAGAAA	4	TRUE
3	188356101	188356102	2	*	NA	AG	A	0	PASS	G	GAAAAGGCCTTTGACAAAATTCAACA	CCCTTCATGCTAAAAACTCTCAATAA	0	FALSE
3	189683926	189683928	3	*	NA	AAG	A	0	PASS	AG	AGAAAGAAAGAAAAAGAAAGAAAGAA	AAAGAAAGAAAGAAAGAAAGAAAGAA	1	FALSE
3	191593162	191593164	3	*	NA	CTT	C	0	PASS	TT	ACAGGCGTGAGCCACCGTGCCCGGCC	TTTTTTTTTTTTTTTTTTTTGAGATG	2	FALSE
3	193314150	193314154	5	*	NA	CTTAA	C	0	PASS	TTAA	CTTTTCTTTTCTTTTCTTTTCTTTTC	TTTTCTTTTCTTTTCTTTTCTTTTCT	2	FALSE
3	196637206	196637207	2	*	NA	CT	C	0	PASS	T	AAATGGCCATACTGCCCAAAGTAATC	TTTTTTTTTTTTTTTTTTTTTTTTTT	1	FALSE
4	3199942	3199943	2	*	NA	AT	A	0	PASS	T	ACCCTTTCACTTTGGGGATGTGTTGA	TTTTTTTTTTTTTTTTTTTTTTTTTT	1	FALSE
4	4608342	4608345	4	*	NA	ATTT	A	0	PASS	TTT	CTGTGCTTCTCAGTGTCCAAATCACA	TTTTTTTTTTTTTTTTTTTTTTTTTT	3	TRUE
4	9142030	9142031	2	*	NA	CA	C	0	PASS	A	GAGGTTGCAGAGTGAGACTGTGTCTC	AAAAAAAAAAAAAAAAAAAAAAATAG	1	FALSE
4	11567354	11567355	2	*	NA	AC	A	0	PASS	C	GAGGGATATATATATATATACACACA	TATATATAGTATATACTATATATATA	0	FALSE
4	15666173	15666175	3	*	NA	CTT	C	0	PASS	TT	TCCCCCACCAAAGTGGGCCCTCATCC	TTTTTTTTTTTTTTTTTTTTTTGAGA	2	FALSE
4	17394392	17394393	2	*	NA	GA	G	0	PASS	A	AGAAAGAAAGAAAGAAGGAAAGAAAG	AAAGAAAGAAAGAAAGAAAGAAAGAA	1	FALSE
4	18162369	18162370	2	*	NA	CT	C	0	PASS	T	AAGGAATTTCCTCCCATCAAAAAGGC	TTTTTTTTTTTTTTTTTCTTTTTGAG	1	FALSE
4	22816988	22817022	35	*	NA	ATATATATATATATATATATTTTTTTTTTTTTTTT	A	0	PASS	TATATATATATATATATATTTTTTTTTTTTTTTT	TATATATATATATATATATATATATA	TTTTTTTTTTTTTTTTTGAGTTAGAG	1	FALSE
4	23605392	23605394	3	*	NA	TTG	T	0	PASS	TG	AAATAAGGTTTTTTTTTTTGTTTTTT	TTTTTTTTCACACGATTGCATGTGTA	1	FALSE
4	26318124	26318132	9	*	NA	TATATATTC	T	0	PASS	ATATATTC	ATATACATATTCATATATATATTCAT	ATATATATTCATATATATATTCATAT	6	TRUE
4	28934727	28934729	3	*	NA	CAA	C	0	PASS	AA	TCGGCGTCAGAGCAAGACTCCGTCTC	AAAAAAAAAAAAAAAAAAAAAAAAAT	2	FALSE
4	32156190	32156195	6	*	NA	CTTTTT	C	0	PASS	TTTTT	TTTCCCAGTAGCATGCCATTACTTTC	TTTTTTTTTTTTTTTTTTTTTTTTTG	5	TRUE
4	32857879	32857882	4	*	NA	CTTT	C	0	PASS	TTT	TGATGAACTTTAATTTTTAAATAAAC	TTTAAATAAACTTTAATTTTAGAATA	3	TRUE
4	32863641	32863645	5	*	NA	ATTTT	A	0	PASS	TTTT	CATATATATATATTTATATATATATA	TTTTTTCAGACGGAGTTTTGCTCTGT	4	TRUE
4	37350203	37350207	5	*	NA	CTTTT	C	0	PASS	TTTT	TTGCCAACTTTTCTTTTTCCTTTTTC	TTTTTTTTTTTTTTTTTTGTTGAATT	4	TRUE
4	39795108	39795114	7	*	NA	TCCTTTC	T	0	PASS	CCTTTC	TTCCTTCCTTCCTTCCTTCCTTCCTT	CCTTCCTTCCTTCCTTCCCCTTCCTT	4	TRUE
4	48094570	48094637	68	*	NA	TGGACACATTTTTCCAAAAGTGTGACTTACAAGAGCAATGTGTAAAGGGAGAAAGAGTTAGGGCAGCA	T	0	PASS	GGACACATTTTTCCAAAAGTGTGACTTACAAGAGCAATGTGTAAAGGGAGAAAGAGTTAGGGCAGCA	AGTGAGAGAGTGGAGACAATGGATGT	GGAGGAGAGTTGTTTTTGTTTTTAGG	3	TRUE
4	49119685	49119690	6	*	NA	ACCATT	A	0	PASS	CCATT	ACCATTCCACTAGGGTTGATTCCATA	CCATTCCATTCCATTCCATTCCATTC	5	TRUE
4	49239808	49239815	8	*	NA	CACTTAAA	C	0	PASS	ACTTAAA	AATACTGGTTTTCATTTGCAAGATCC	ACTTAAGGAGGCTAAAAAACATCATT	6	TRUE
4	49266684	49266688	5	*	NA	GTGTT	G	0	PASS	TGTT	CCTCTCGACATACCTTGCCCTGTGTG	TTTTTTTTTTTTTTGAGACAGAGTCT	1	FALSE
4	49268344	49268345	2	*	NA	AT	A	0	PASS	T	TGGTGATACCCTGTCTCTACTAAAAA	AAAAAAAATTAGCCAGGTGTGGTGGC	0	FALSE
4	49521483	49521484	2	*	NA	TA	T	0	PASS	A	TCTCTGAGACGCGGTCCTCTTTTTTT	TTTTTTCTGCCCCTGGTGCCTCACCT	0	FALSE
4	57768010	57768011	2	*	NA	GT	G	0	PASS	T	AGGTGCTCAGTATCTTTGTCGCATTG	TTTTTTTTTTTTTTTTTTTTGAGACG	1	FALSE
4	57969825	57969826	2	*	NA	TC	T	0	PASS	C	GAACTTTTCTTTTTTTTTTTTCTTTT	TTTTTTTTTTTTTTTTGAGGCAGGGT	0	FALSE
4	61035778	61035779	2	*	NA	CA	C	0	PASS	A	TGGGCGACAGAGCGAGACTCCGTCTC	AAAAAAAAAAAAAAAAAAAAAAAAAT	1	FALSE
4	70201091	70201093	3	*	NA	GTA	G	0	PASS	TA	GGTTTAGTGGTGTGTGTGTTTGTGTG	TGTGTGTGTTTGTGTGTGTGTGTGTG	1	FALSE
4	70337817	70337823	7	*	NA	TACAAAA	T	0	PASS	ACAAAA	GGGCAACATGGTGAAATCCTGTCTCT	ACAAAAACAAAAACAAAAACAAAAAC	6	TRUE
4	74215201	74215202	2	*	NA	TA	T	0	PASS	A	AGTTTTGCAAATTTTAAATAAAAAGT	AAAAAAAAAAAAAAATACAGTGGTGC	1	FALSE
4	76590810	76590812	3	*	NA	AAC	A	0	PASS	AC	GCACACCTGTAGTCACAAACACACAA	ACACACACACACACAAACACACAAAC	2	FALSE
4	77088824	77088825	2	*	NA	CT	C	0	PASS	T	TATTTCCTTTCCTTTCCCTCCCTCCC	CCCCCCCCCCGCTTTTTTTTTTTTTC	0	FALSE
4	77811000	77811001	2	*	NA	CA	C	0	PASS	A	CCTGGGCAACAGGGCGAGACTTTGCC	AAAAAAAAAAAAAAAAAAAAAAAAAT	1	FALSE
4	83169895	83169897	3	*	NA	CGT	C	0	PASS	GT	TGGAACGGCACCTGCTCGAGAGAGAC	GTGTGTGTGTGTGTGTGTGTGTGTGT	2	FALSE
4	87720978	87720982	5	*	NA	CTTTT	C	0	PASS	TTTT	TTCTGGAAGGAGAAGTCAAGGGGCAC	TTTTTTTTTTTTTTTTTTTTTTTTGA	4	TRUE
4	101147944	101147946	3	*	NA	GTT	G	0	PASS	TT	ATTAAAAATCTGAGTTTACCAGAAAG	TTTTTTTTTTTTTTTTTTTTTTTTTG	2	FALSE
4	102391698	102391700	3	*	NA	CAT	C	0	PASS	AT	ATATACATATGTGTATACATAGACAC	ATATATACACATATATACATATGTGT	2	FALSE
4	106205221	106205225	5	*	NA	ACGTG	A	0	PASS	CGTG	CACACACATATATATATATATATATA	TATATATATATGTATATATATATATA	0	FALSE
4	110674215	110674218	4	*	NA	TATA	T	0	PASS	ATA	ATAATATATATTTATTATATATTTAT	TAAATAAATATTTATAATATATATTT	0	FALSE
4	118113176	118113178	3	*	NA	ATG	A	0	PASS	TG	TTTCATGGCTGCATAGTATTCTATGA	TGTGTGTGTGTGTGTGTGTGTGTGTG	2	FALSE
4	119422484	119422485	2	*	NA	CT	C	0	PASS	T	ACCTGTATCAGTACTTCATTCCTTTC	TTTTTTTTTTTTTTTTTTTTGAGGCA	1	FALSE
4	119797822	119797846	25	*	NA	CTCTTTCTTTCTTTCTTTCTTTCTT	C	0	PASS	TCTTTCTTTCTTTCTTTCTTTCTT	CCTTTCTTCCTTCCTTCCTTCCTTTC	TCTTTCTTTCTTTCTTTCTTTCTTTC	24	TRUE
4	136193401	136193402	2	*	NA	GT	G	0	PASS	T	GTGAATTATTCTCTGGGCAGTAATTG	TTTTTTTTTTTTTTTTTTTTTTTTGA	1	FALSE
4	142501233	142501235	3	*	NA	TTC	T	0	PASS	TC	TTTCTTTCTTTCTCTTTCTTTTTCTT	TTTCTTTCTTTCTTTCTTTCTTTCTT	1	FALSE
4	147463528	147463529	2	*	NA	CT	C	0	PASS	T	GGCTGTAAATCTATCTGGTCCCAGCC	TTTTTTTTTTTTTTTTTTTTTTTTTG	1	FALSE
4	149413994	149414026	33	*	NA	AGTATCCTCTATACATAGTATTTTATATATATC	A	0	PASS	GTATCCTCTATACATAGTATTTTATATATATC	TAAAATACTATATTATATTATATATA	GTATTTTATATATAAAATATAATATT	4	TRUE
4	150023296	150023298	3	*	NA	CTT	C	0	PASS	TT	TCTGCCTATATAAGCAAGGTCTTAAC	TTTTTTTTTTTTTTTTTTTTTTTTTG	2	FALSE
4	151302134	151302136	3	*	NA	CAA	C	0	PASS	AA	GGGCAACAAGAGCGAAACTCCATCTC	AAAAAAAAAAAAAAAAAAAAAAAAGT	2	FALSE
4	151568504	151568505	2	*	NA	CT	C	0	PASS	T	GTAAAAAGTAAAATGATTACTTTTTC	TTTTTTTTTTTTTTTTTTTTTTGAGA	1	FALSE
4	154321042	154321044	3	*	NA	ATT	A	0	PASS	TT	TGAAATTTTCTGTTTTTTCAGTGAGA	TTTTTTTTTTTTTTTTTTTTTTTTTT	2	FALSE
4	162808555	162808556	2	*	NA	CT	C	0	PASS	T	TTATCTCTATCTATCATCTATCTATC	ATCTATCTATCTATCTATCTATCATC	0	FALSE
4	163578632	163578644	13	*	NA	ATATAGTATAGAC	A	0	PASS	TATAGTATAGAC	ATATAGTATAGACTATATATAGTATA	TATAGTATATATAGTATAGACTATAG	9	TRUE
4	170024237	170024239	3	*	NA	ATT	A	0	PASS	TT	CAGGTGCCCGCCACCGCGCCTGGCTA	TTTTTTTTTTTTTTTTTTTTTGTATT	2	FALSE
4	178432552	178432553	2	*	NA	AT	A	0	PASS	T	AGACTCTGCCTCAAAAAAAAAAAAAA	AAATAAATAAAAATAAATAAATAAAT	0	FALSE
4	185849301	185849309	9	*	NA	CAAAAAAAA	C	0	PASS	AAAAAAAA	TGGGCGACAGAGGGAGACTCTGCCTC	AAAAAAAAAAAAAAAAAAAAAGATTT	8	TRUE
4	188560923	188560924	2	*	NA	CT	C	0	PASS	T	CTTACTTTAAAAGAAAAAAGTTCTAC	TTTTTTTTTTTTTTTTTTTTTTTTTT	1	FALSE
5	649180	649181	2	*	NA	TG	T	0	PASS	G	GACTGTGAGGTGTGACTGTGAGGTGT	GACTGTGAGGTGTGACTGTGAGGTGT	1	FALSE
5	649835	649837	3	*	NA	CCG	C	0	PASS	CG	GTGAGGCGTGGACTGTGAGGGGTGAC	TGAGGCGTGGACTGTGAGGCGTGGAC	0	FALSE
5	2580964	2580976	13	*	NA	CCTTCCTTTCTTT	C	0	PASS	CTTCCTTTCTTT	GAATGGCGTAGTTCTTCTTTCTTTTC	CTTTCTTTCTTTCTTTCTTTCTTTCT	3	TRUE
5	2594419	2594467	49	*	NA	TGCACAGAGATACACACAGACACACAGAGATACACAGGCACAGACAGAC	T	0	PASS	GCACAGAGATACACACAGACACACAGAGATACACAGGCACAGACAGAC	ACAGACACACACAGACACATACAGAT	GCACAGAGATACACACAGACACACAG	26	TRUE
5	5816259	5816261	3	*	NA	GAT	G	0	PASS	AT	ATATATATGGATATATATATATATGG	ATATATATGGATATATATATATATGG	2	FALSE
5	7288920	7288928	9	*	NA	TTCTTCTTC	T	0	PASS	TCTTCTTC	CCTCTTCCTCTTCCTCTTCTTCTTCT	TTCTTCTTTCTCCCTCTCCCTCTCCC	1	FALSE
5	10864533	10864534	2	*	NA	AT	A	0	PASS	T	CAGGTGCCTGCTACCACGCCCAGCTA	TTTTTTTTTTTTTTTTTTTTTGAGAC	1	FALSE
5	13149606	13149614	9	*	NA	CAGATAGAT	C	0	PASS	AGATAGAT	ATAGACAGACAGACAGACAGACAGAC	AGATAGATAGATAGATAGATAGATAG	8	TRUE
5	16142993	16142995	3	*	NA	CTT	C	0	PASS	TT	CAGGCATGCGCACCACCACACCTGGC	TTTTTTTTTTTTTTTTTTTTTTTTTG	2	FALSE
5	21970948	21970952	5	*	NA	CAAAA	C	0	PASS	AAAA	TGGGCAATAGAGCAAGACTCTTTCTC	AAAAAAAAAAAAAAAAAAAAAAAAAA	4	TRUE
5	27949516	27949518	3	*	NA	CTT	C	0	PASS	TT	CTGTTTAACTCCTTTTCTATCTGGTC	TTTTTTTTTTTTTTTTTTTTTTTGAG	2	FALSE
5	33178138	33178140	3	*	NA	CCA	C	0	PASS	CA	AACAAAGATAGAACACGCCCCCCCCC	CACACACACAGATCTGTTTCTATTTA	2	FALSE
5	45807289	45807293	5	*	NA	ATGTG	A	0	PASS	TGTG	CTTGAAAAATTATCCTTCAAAAGTGA	TGTGTGTGTGTGTGTGTGTGTGTGTG	4	TRUE
5	51175220	51175222	3	*	NA	CAA	C	0	PASS	AA	GGGCAACAAGAGCAAAACTCCATCTC	AAAAAAAAAAAAAAAAAAAAAAAGAA	2	FALSE
5	64303453	64303456	4	*	NA	CTTT	C	0	PASS	TTT	TGTGCTCCTCATGTCTCATCATTTTC	TTTTTTTTTTTTTTTTGAGATGGAGT	3	TRUE
5	76125088	76125090	3	*	NA	CTT	C	0	PASS	TT	TTTTACCTTTGTTCTTCTTCTTCTTC	TTTTTTTTTTTTGAAGAGATGGCATT	2	FALSE
5	76739701	76739702	2	*	NA	CT	C	0	PASS	T	AATACGGCATTCAGCTCAATCAGCAC	TTTTTTTTTTTTTTTTTTTTTTTGAA	1	FALSE
5	79912848	79912858	11	*	NA	CTATATATATA	C	0	PASS	TATATATATA	TTATATATTCTATTGGTTCTATTCTC	TATATATATATATATATATATATATA	10	TRUE
5	81346658	81346659	2	*	NA	CA	C	0	PASS	A	CAACATAGCAAGACCCCATCTCTACC	AAAAAAAAAAAAAAAAAAAAAAAAAA	1	FALSE
5	81768703	81768708	6	*	NA	ATATAT	A	0	PASS	TATAT	TAATATACAGATATATATTATAATCA	TATAATATACTGATATATATTATAAT	4	TRUE
5	84688364	84688365	2	*	NA	CA	C	0	PASS	A	TAAAATAAAACAAAATAAAACAAAAC	AAAATAAAACATAAAACATAAAAATA	1	FALSE
5	84716552	84716554	3	*	NA	TTA	T	0	PASS	TA	TCAGCAAACTTTTTTTTTTACTTTAT	TTATTATTATTATTATACTTTAAGTT	1	FALSE
5	90445826	90445829	4	*	NA	CTTT	C	0	PASS	TTT	GTTCTTTTTCTTTTTCTTTTCTTTTC	TTTTTTTTTTTTTGCAGGGACTTTAT	3	TRUE
5	98187243	98187251	9	*	NA	CTTTTTTTT	C	0	PASS	TTTTTTTT	GAGTTTTGTACAAGTCACAAATAAGC	TTTTTTTTTTTTTTTTTTTTTTTGAG	8	TRUE
5	101750611	101750615	5	*	NA	GTAAA	G	0	PASS	TAAA	TGAAACTCCATCTCAAAGTAAGTAAG	TAAATAAATAAATAAATAAATAAATA	4	TRUE
5	107162846	107162847	2	*	NA	GA	G	0	PASS	A	GAAGAAAGAAAAGAAAGGAAGGAAAG	AAGAAAGAAAAGAAAGAAAGAAAGAA	1	FALSE
5	109116211	109116213	3	*	NA	CTG	C	0	PASS	TG	CTTGAATCAAAATGACTTGCAATATC	TGTGTGTGTGTGTGTGTGTGTGTGTG	2	FALSE
5	111371645	111371691	47	*	NA	ATGTTTAGTTCTCACTTATAAGTGAGAGCATACAGTATTTGGTTTTC	A	0	PASS	TGTTTAGTTCTCACTTATAAGTGAGAGCATACAGTATTTGGTTTTC	CCCTCTTCATGTCCATGTGTACTCAA	TGTTTCTGCATCCATGTTGCTGCCTG	5	TRUE
5	113278572	113278574	3	*	NA	CTT	C	0	PASS	TT	TTTCTCTTTCCTGCTGCTGGAATGCC	TTTTTTTTTTTTTTTTTTTTTTTTTT	2	FALSE
5	118595694	118595705	12	*	NA	TAAAAAAAAAAA	T	0	PASS	AAAAAAAAAAA	CTGGGTGACAGAGCGAGACTCCATCT	AAAAAAAAAAAAAAAAAATGAATGTG	11	TRUE
5	122104276	122104288	13	*	NA	GAAGAAGAAGAAA	G	0	PASS	AAGAAGAAGAAA	AGAAGAAGAAGAAGAAGAAGAAGAAG	AAGAAGAAGAAGAAGAAGAAGAAGAA	11	TRUE
5	132961507	132961508	2	*	NA	TC	T	0	PASS	C	ATATATATATTCCATATATATATATT	CATATATATATTCCATATATATATTC	1	FALSE
5	132961562	132961567	6	*	NA	CCATAT	C	0	PASS	CATAT	TATATATATATTCCATATATATATTC	ATATATATATTCCATATATATATATT	0	FALSE
5	132961594	132961597	4	*	NA	CCAT	C	0	PASS	CAT	TATATATATTCCATATATATATATTC	ATATATATATATTCCATATATATATA	0	FALSE
5	135222292	135222293	2	*	NA	AT	A	0	PASS	T	TATTTAACCAAATATATATATATATA	ATATATATATATATATATATATATAT	0	FALSE
5	139846700	139846702	3	*	NA	TTG	T	0	PASS	TG	TTTTCTATTTTTTCACTATGTGTTCT	TGTTCTATCATAATCTTTACCATATT	2	FALSE
5	142063422	142063429	8	*	NA	AATCCTTT	A	0	PASS	ATCCTTT	AAAAAAAAAAAAGGAAAAGAAAATTA	ATCCTTTATCACAAACCCTTGTAGCA	7	TRUE
5	152808212	152808213	2	*	NA	AG	A	0	PASS	G	AGAGAAGGAGAGAAAGAAAGAAAGAA	AGAAAGAAAGAAAGAAAGAAAGAAAG	0	FALSE
5	154412795	154412796	2	*	NA	TA	T	0	PASS	A	TAATATATATGCATATATGTATATAT	TTATATATGTATATATATGTATATAT	0	FALSE
5	157317374	157317375	2	*	NA	AT	A	0	PASS	T	TGAAACTCCGTCTCAAAAAAAAAAAA	AAATAAAATAAAATAAAATAAAATAA	0	FALSE
5	159781604	159781605	2	*	NA	AG	A	0	PASS	G	CTGTCTCAAGGGGAAAAAAAAAAAAA	TATATATATATATATATATATATATA	0	FALSE
5	169691982	169691988	7	*	NA	CTTTTTT	C	0	PASS	TTTTTT	CCTGAATAAGTATTTCAAAATTTGCC	TTTTTTTTTTTTTTTTTTTTTGAGAC	6	TRUE
5	172716786	172716810	25	*	NA	CCCTTCCTTCCTTCCTTCCTTCCTT	C	0	PASS	CCTTCCTTCCTTCCTTCCTTCCTT	ACCCTCCCTATCTTACTTTCTCCTTC	CCTTCCTTCCTTCCTTCCTTCCTTCC	24	TRUE
5	173488912	173488913	2	*	NA	CT	C	0	PASS	T	GGAGCCACTGTGCCGAGCCCCCAAAC	TTTTTTTTTTTTTTTTTTTTTAGGCA	1	FALSE
5	178824490	178824504	15	*	NA	GTATATATATATATA	G	0	PASS	TATATATATATATA	TTACATAAGTGTGTATGTTTATAGTG	TATATATATATATATATATATATATA	14	TRUE
5	180459233	180459234	2	*	NA	AG	A	0	PASS	G	AGAGAGAGAGAGGAGAGAGAAAGAGA	GAGGGAGAGAGGAGGGAGAGAGAGAG	1	FALSE
6	1512929	1512933	5	*	NA	AAAAG	A	0	PASS	AAAG	GAAAGAAAGAAAGAGAAAGAAAGAAA	AAAGAGAAAGAAAGAAAGAAAGAAAG	4	TRUE
6	6332985	6332986	2	*	NA	TA	T	0	PASS	A	ATGGTCATTAGCTTCCTTTTTTTTTT	AAAAAAAAAAAAAAAAACTACCATCT	1	FALSE
6	7117621	7117636	16	*	NA	GTTTTTTTTTTTTTTT	G	0	PASS	TTTTTTTTTTTTTTT	GGTGAACCATGTGAATAGGTTTCCTG	TTTTTTTTTTTTTTTTTTTTTTGAGA	15	TRUE
6	7659572	7659573	2	*	NA	CT	C	0	PASS	T	AAACCGTAGCCATCTGTTTCTAAGCC	TTTTTTTTTTTTTTTTTTTTTTGAGA	1	FALSE
6	16443439	16443440	2	*	NA	CA	C	0	PASS	A	AAATAAATAAATAAATCTATTGGAGC	AAAAAAAAAAAAAAAAAAAAAAAACC	1	FALSE
6	20273255	20273263	9	*	NA	CTTTTTTTT	C	0	PASS	TTTTTTTT	TCTGGTTCAAATGCCTCTGATGGAGC	TTTTTTTTTTTTTTTTTTTTTTTGAG	8	TRUE
6	22163209	22163211	3	*	NA	AGT	A	0	PASS	GT	TATATAGTTATATAGTTATATAGATA	TATATATATATAGTTATATAGATAGT	0	FALSE
6	22163229	22163237	9	*	NA	ATAGATAGT	A	0	PASS	TAGATAGT	TAGATAGTTATATATATATAGTTATA	TATATATAGTTATATAGATAGTTTTA	2	FALSE
6	23731537	23731539	3	*	NA	ATT	A	0	PASS	TT	TATATATTACATATATAATATATATA	ATATATAATATATATAATATATATTA	0	FALSE
6	26137965	26137987	23	*	NA	CATATATATATATATATATATAT	C	0	PASS	ATATATATATATATATATATAT	CAAATATTACATGAGACATTCTATAC	ATATATATATATATATATATATATAT	22	TRUE
6	29206724	29206728	5	*	NA	TTATA	T	0	PASS	TATA	TATGTATATATACTTTATATATACTT	TATATATACTTTATATATATACTTTA	4	TRUE
6	30434787	30434801	15	*	NA	ATTTTTTTTTTTTTT	A	0	PASS	TTTTTTTTTTTTTT	GGCATGCGCCACCTCGCCTGGCTACA	TTTTTTTTTTTTTTTTTTTTTTTTTT	14	TRUE
6	31455194	31455195	2	*	NA	CA	C	0	PASS	A	TGGTTGCCATTTTTACAGCTGAATGC	AAGGCTTTTACAAGAAACTGATGAGG	1	FALSE
6	32961726	32961740	15	*	NA	TTTTTTTTTTTTTGG	T	0	PASS	TTTTTTTTTTTTGG	AACTTAGTACCTTCTTCATTTTTACT	TTTTTTTTTTTTTTTTTTTTTTTGAA	12	TRUE
6	34179779	34179785	7	*	NA	CAAAAAA	C	0	PASS	AAAAAA	CCGGCAACAGAGCAAGACCCTGTCTC	AAAAAAAAAAAAAAAAAAAAAATATA	6	TRUE
6	38740747	38740754	8	*	NA	CTTTTTTT	C	0	PASS	TTTTTTT	ATACCACCATGCCTAGCTAATTAAAC	TTTTTTTTTTTTTTTTTTTTGTAGAG	7	TRUE
6	41953042	41953044	3	*	NA	CTT	C	0	PASS	TT	TACAGTTTCAGGTCTCAGTTCAAGTC	TTTTTTTTTTTTTTTTTTTTTTTTGA	2	FALSE
6	43538048	43538051	4	*	NA	CAAA	C	0	PASS	AAA	TAGGTGACAGAGCGAGCCTCCGTCTC	AAAAAAAAAAAAAAAAAAAGAAAGAA	3	TRUE
6	53022748	53022751	4	*	NA	AAAG	A	0	PASS	AAG	CTCTGTCTCAAAAAAAAAAAAAAAAA	AAAAGAAAAGAAAAAAGAAAAGAAAA	2	FALSE
6	63858743	63858744	2	*	NA	CA	C	0	PASS	A	CTGGACAACAGAGCAAGACCTGTCTC	AAAAAAAAAAAAAAAAAAAAAGGACA	1	FALSE
6	64167971	64167973	3	*	NA	TTA	T	0	PASS	TA	TAATTTCATTTATTTTTATTTTTATT	TTTATTTATTTATTTTTAGACAGAGT	1	FALSE
6	75148301	75148302	2	*	NA	AT	A	0	PASS	T	TATGACTTTTTATTTTTATTTATTTA	TTTATTTATTTATTTATTTATTTATT	1	FALSE
6	76981741	76981743	3	*	NA	CTT	C	0	PASS	TT	TTTCTTTCTTTTTCTTTCTTTCTTTC	TCTTTCTTTCTTTCTTTCTTTCTTTC	1	FALSE
6	86582021	86582023	3	*	NA	TTC	T	0	PASS	TC	CTTTCTCTCTCTCTCTCTCTCTCCCT	CTTCCTTCCTTCCTTCCTTCCTTCCT	0	FALSE
6	86800002	86800004	3	*	NA	CTT	C	0	PASS	TT	GTATTTGGCCTTACTTTACTCTTCTC	TTCTCTTCTCTTCTCTTCTCTTCTCT	2	FALSE
6	87453562	87453563	2	*	NA	TG	T	0	PASS	G	ATGAGCCAGGAACCATAGACAAAAAT	TGTGTGTGTGTGTGTGTGTGTGTGTC	0	FALSE
6	90554962	90554964	3	*	NA	ATG	A	0	PASS	TG	GTATCAGTATTTCTTGTTAGTATTAA	TGTGTGTGTGTGTGTGTGTGTGTGTG	2	FALSE
6	91673845	91673854	10	*	NA	TATATACTAC	T	0	PASS	ATATACTAC	TATATAGTATATATAGCGTATACTAT	ATATAGTATATATAGTGTATACTATA	5	TRUE
6	93725584	93725597	14	*	NA	TCCTCTGTAAAGAG	T	0	PASS	CCTCTGTAAAGAG	TCAGTAGGCTGAGCTCTCCTTCCCTT	CCTGTTGCAGTGGCAGTTTCTCTACT	3	TRUE
6	96049592	96049594	3	*	NA	ATT	A	0	PASS	TT	AAAAGAAAATTAGGCAGATTCAGTGA	TTTTTTTTTTTTTTTTTTTTTTTTTT	2	FALSE
6	97042103	97042115	13	*	NA	TTATATATATATA	T	0	PASS	TATATATATATA	AAAAGGATCCAATAAATATTAGAATT	TATATATATATATATATATATATATA	12	TRUE
6	118059903	118059904	2	*	NA	TA	T	0	PASS	A	TAGGCAACAAGAGCGAGTCTTCATCT	AAAAAAAAAAAAAAAAAAAAAAAAAA	1	FALSE
6	118840629	118840634	6	*	NA	GTGTGT	G	0	PASS	TGTGT	TGTGTGTGTGTGTGTGTGTGTGTGTG	GTGGCGGGGGGGGGTTGTGAAACTCC	0	FALSE
6	125008665	125008667	3	*	NA	TAC	T	0	PASS	AC	ATATACATACATGGTATATATTCCAT	ATATACATACATGGTATATATTCCAT	1	FALSE
6	129376331	129376333	3	*	NA	TTA	T	0	PASS	TA	TTTACATTATTATTATTTATTATTAT	TTATTATTATTATTATTATTTGAGAT	1	FALSE
6	133715420	133715434	15	*	NA	GTGTTTTTTTTTTTT	G	0	PASS	TGTTTTTTTTTTTT	GTTGGAAAAATGTATATATAAGCTTG	TTTTTTTTTTTTTTTTTTTTTTGGTC	1	FALSE
6	153670477	153670478	2	*	NA	CA	C	0	PASS	A	TTGGCAATAAAGCAAGACTCCATCTC	AAAAAAAAAAAAAAAAGTGGGATAGG	1	FALSE
6	163079703	163079706	4	*	NA	AAAG	A	0	PASS	AAG	GTGAGACTCTGTCAAAAAAAAAAAAA	AAAAAAAAAAGAAAAAAGAAAAAGAA	2	FALSE
6	164791495	164791496	2	*	NA	TA	T	0	PASS	A	TGGGCAACAGAATGAGACTCTGTCTT	AAAAAAAAAAAAAAATCAATCAATCA	1	FALSE
7	6497603	6497604	2	*	NA	CT	C	0	PASS	T	AGGCATGAGCCACAATTTTTTGCTTC	TTTTCTTTTTCTTTTTTTTTTTCAGA	1	FALSE
7	9242828	9242850	23	*	NA	ATTTTTTTTTTTTTTTTTTTTTT	A	0	PASS	TTTTTTTTTTTTTTTTTTTTTT	CATATTTCTATAGTTTAATGCTTTAA	TTTTTTTTTTTTTTTTTTTTTTTTTT	22	TRUE
7	11219584	11219613	30	*	NA	TATATATAATGTATATATACATAATATATA	T	0	PASS	ATATATAATGTATATATACATAATATATA	TATGTATAATACATTATATATGACAT	ATATATAATGTATTATACATAATATA	13	TRUE
7	13188454	13188455	2	*	NA	CA	C	0	PASS	A	AACTCCATGCATTCAAACCGCCCCCC	CCCCCAAAAAAAATTCATGAATGCAA	0	FALSE
7	14299004	14299008	5	*	NA	TTCTC	T	0	PASS	TCTC	ATAGTAAATTCTCATCTAGTAAAGTT	TCTCTCTCTCTCTCTCTCTCTCTCTA	4	TRUE
7	15445906	15445908	3	*	NA	CAT	C	0	PASS	AT	TATTCCATATAAGTATACATGTACAC	ATGTGTGTATATATATGGAATATACA	2	FALSE
7	23676782	23676783	2	*	NA	AG	A	0	PASS	G	CGGCCGCCCCTACTGGGAAGTGAGGA	CCCCTCTGCCCGGCCAGCCGCCCCGT	0	FALSE
7	24470351	24470363	13	*	NA	ATATATATAAATG	A	0	PASS	TATATATAAATG	TAAATATATATAAATGTATATATAAA	TATATATAAATGTATATATAAATATA	12	TRUE
7	27002609	27002621	13	*	NA	TAAAAAAAAAAAA	T	0	PASS	AAAAAAAAAAAA	CTGGGCGACATAGTGAGACTCCAGCT	AAAAAAAAAAAAAAAAAAAAAAAAAA	12	TRUE
7	30026333	30026334	2	*	NA	AT	A	0	PASS	T	GCAAGTTAGTTTTCTAATTTTTTTAA	TTTTTTTTTTTTTTTTTTTTTTTTGA	1	FALSE
7	32994026	32994027	2	*	NA	CT	C	0	PASS	T	ACAGGTGCAGGCCGCCCTGCTCTACC	TTTTTTTTTTTTTTTTTTTTTTTTTT	1	FALSE
7	36556810	36556812	3	*	NA	TTC	T	0	PASS	TC	TTTCTTTCTTTCTTTCTTTCTTTCTT	TTTCTTTCTCTTTCTTTCTGTCTCTC	1	FALSE
7	46883215	46883216	2	*	NA	TA	T	0	PASS	A	CTGGGTGACCAAGCAAAACCCTATCT	AAAAAAAAAAAAAAAAAAAAAAAAAA	1	FALSE
7	66027078	66027079	2	*	NA	AG	A	0	PASS	G	GACTTCATCTCAAACAAAACAAAACA	AAACAAAAACCAACTTTTCAATTTTC	0	FALSE
7	66645410	66645411	2	*	NA	TA	T	0	PASS	A	ATATATATTTATATATATATATATAT	ATTTTTTTTTTGGTAACTGGCCTAAT	1	FALSE
7	66874837	66874839	3	*	NA	TTC	T	0	PASS	TC	CTCCTTCCTTCCCTCCCTCCCTCCTT	TCTCTCTCTCTCTCTTTCTTTCTTTC	2	FALSE
7	66900924	66900925	2	*	NA	CT	C	0	PASS	T	TTTCTCTTCACTCCAAACTTTGGAGC	TTTTTTTTTTTTTTTTTTCTGGAAAA	1	FALSE
7	72058805	72058808	4	*	NA	TAAA	T	0	PASS	AAA	CTGGGTGACAGAGCCAGACTCCATCT	AAAAAAAAAAAAAAAAAAAAAAAAAA	3	TRUE
7	75718002	75718003	2	*	NA	CA	C	0	PASS	A	TCTGCCCAGCCTTCACACACACACAC	CACTCATCTCAGTCTGCCCAGCCTTC	0	FALSE
7	75892158	75892159	2	*	NA	GA	G	0	PASS	A	CAAAAAAAAGAAAGAAAGAAAGAAAG	AAAGAAAAGGAAAGGAAAAGAAGGGA	1	FALSE
7	79781874	79781875	2	*	NA	CT	C	0	PASS	T	TCTGGGGGTAGATTCGGTCTCAATTC	TTTTTTTTTTTTTTTTTTTTTGAAAC	1	FALSE
7	85346779	85346780	2	*	NA	CT	C	0	PASS	T	CAACACACACTAATGAATATTCCAAC	TTTTTTTTTTTTTTTTTTTTTTTTGA	1	FALSE
7	100783517	100783519	3	*	NA	GAA	G	0	PASS	AA	AAAAAGAAAGAAAGAACGAAAGAAAG	AGAAAGAAAGAAAGAAAGAAAGAAAG	1	FALSE
7	102188265	102188267	3	*	NA	GAA	G	0	PASS	AA	GAGAGAGATAAAGGAAGGGAGGAAAG	AAAGAAAGAAAGGAAAGAAAGAAAGA	2	FALSE
7	102210581	102210582	2	*	NA	GA	G	0	PASS	A	ACCCTGTCTGTACTAAAAATACAAAG	AAAAAAAAAAATTAGCTGAGTGTGGT	1	FALSE
7	104712027	104712041	15	*	NA	GTGTATATATATATA	G	0	PASS	TGTATATATATATA	TATGTATGTATGTATGTATGTGTGTG	TATATATATATATATTTTTTTTTTTT	1	FALSE
7	106798703	106798707	5	*	NA	TAGAA	T	0	PASS	AGAA	TAAAGGTGAGTGAGTGAAAGTCTATT	AGAGTAAAGGTGAGTGAGTGAAAGTC	3	TRUE
7	107550284	107550285	2	*	NA	CT	C	0	PASS	T	CTAATTGGGTTGATGGGAGAATTAAC	TTTTTTTTTTTTTTTTTTTTTTTTGA	1	FALSE
7	108531187	108531192	6	*	NA	GTTTTT	G	0	PASS	TTTTT	AGCCACATGTACTAATCAAAACTCTG	TTTTTTTTTTTTTTTTTTTTTTTTTT	5	TRUE
7	108678847	108678848	2	*	NA	CT	C	0	PASS	T	ATTTAACTTCTCTGAACCTTACTTTC	TTTTTTTTTTTTTTTTTTTTTTGAGA	1	FALSE
7	109391634	109391641	8	*	NA	GTTTTTTT	G	0	PASS	TTTTTTT	TTTGTTTTTGCGTTTGTTTTTTCTTG	TTTTTTTTTTTTTTTTTTTTTTTTTT	7	TRUE
7	111177583	111177584	2	*	NA	CT	C	0	PASS	T	TAGATTCCTAGTCTCATCACTTCCAC	TTTTTTTTTTTTTTTTTTTTTTTTTG	1	FALSE
7	116203032	116203034	3	*	NA	GGA	G	0	PASS	GA	AGGAAGGAAGGAAGGAAGGAAGGAAG	AGGAAGGAAGGTAGGTCTCATACCTT	0	FALSE
7	124424896	124424903	8	*	NA	CTTTTTTT	C	0	PASS	TTTTTTT	CCGAAAATAAATAGCCCAAATCATTC	TTTTTTTTTTTTTTTTTTTTTTTTTT	7	TRUE
7	124783270	124783272	3	*	NA	CTT	C	0	PASS	TT	CTTTGTTTTTTGTTTCTCTCTCTCTC	TTTTTTTTTTTTTTTTTTTTTTTGCA	2	FALSE
7	126403526	126403532	7	*	NA	TACACAC	T	0	PASS	ACACAC	ATATATATATATATATATATATATAT	ACACACACACACACACACAATTGTAG	6	TRUE
7	130912252	130912254	3	*	NA	TTC	T	0	PASS	TC	TTTCTTTCTCTCTTTCTCTCTTTCTT	TCTTTCTTTCTTTCTTTCTTTCTTTC	2	FALSE
7	132932638	132932639	2	*	NA	AT	A	0	PASS	T	TGCTTATAAAAAGCAACACCTGGAAA	TTTTTTTTTTTTTTTTTTTTTTTTTA	1	FALSE
7	138430708	138430709	2	*	NA	AT	A	0	PASS	T	TGTCTCAAAAAAAAAAAAAAAAAAAA	ATATATATATATATAAAATATATATT	0	FALSE
7	141131946	141131949	4	*	NA	CTTT	C	0	PASS	TTT	TTTCTTTTTCTCTCCTTCACTGCATC	TTTTTTTTTTTTTTTTTTTTTTTTTG	3	TRUE
7	158112803	158112821	19	*	NA	ACACACACACAGCCTCCCT	A	0	PASS	CACACACACAGCCTCCCT	CACACACTCACATAGTCTCCCTCACA	CACACACACAGCCTCCCTTGTACACA	18	TRUE
8	1225920	1225922	3	*	NA	AAT	A	0	PASS	AT	TATAAATATATATAATATATAAATAA	ATATATAGTATATAAATATATATAAT	2	FALSE
8	4267164	4267165	2	*	NA	CT	C	0	PASS	T	GATTCATCATTATTTGACTTTTTTTC	TTTTTTTTTTTTTTTTTTTAACACAT	1	FALSE
8	5970943	5970972	30	*	NA	TACTATATACAGTGTATATACACTATAGAC	T	0	PASS	ACTATATACAGTGTATATACACTATAGAC	ACGTATATACTATATATACACTATGT	ACTCTATACAGTGTATATACACTATA	3	TRUE
8	6626256	6626258	3	*	NA	GAA	G	0	PASS	AA	AAAGAAAGAGAGAGAAAGAAAGAGAG	AGAAAGAAAAAGAAAGAAAGAAAGAA	1	FALSE
8	8304920	8304922	3	*	NA	CTT	C	0	PASS	TT	ACAGGTATGAGCCACCGCACCCCGCC	TTTTTTTTTTTTTTTTTTTTTTGTCT	2	FALSE
8	9906448	9906449	2	*	NA	GT	G	0	PASS	T	CCTACAGCATCTTTGATATTTTTTGG	TTCCAGATAGTCTGCTTGTCACCTCC	1	FALSE
8	12380028	12380031	4	*	NA	CTCT	C	0	PASS	TCT	CTCTGGAGGAGCTGAGGTAGCTTTGC	TCTTAAATGGGTGATAGACTGTACGT	3	TRUE
8	22717701	22717705	5	*	NA	ATATG	A	0	PASS	TATG	TATATGTATATATATATACACATATA	TATATATATATATACACATATATGTA	3	TRUE
8	23510057	23510073	17	*	NA	CCTTCCTTCCTTTCTTT	C	0	PASS	CTTCCTTCCTTTCTTT	CTTTTTCCTTCCTCCTTCCTTCCTTC	CTTTCTTTCTTTCTTTCTTTCTTTCT	3	TRUE
8	28738992	28738993	2	*	NA	GA	G	0	PASS	A	GCCAGCCGCCCCGTCCGGGAGGGGGG	GGGGGGGGTCAGCCCCCCGCCCGGCC	0	FALSE
8	29903990	29903997	8	*	NA	TAAAAAAA	T	0	PASS	AAAAAAA	GGCGACAGAGCGAGACACCGTCTCAT	AAAAAAAAAAAAAAAAAAAAAAAAAA	7	TRUE
8	32269937	32269939	3	*	NA	TAC	T	0	PASS	AC	TCTCCTCTCTCTCTCTCTCTCTCTCT	ATATATATATATATATATATATATAT	1	FALSE
8	35381096	35381097	2	*	NA	CT	C	0	PASS	T	TATCCTCTGAAATTAGTAATGTGCTC	TTTTTTTTTTTTTTTTTTTGATGGTT	1	FALSE
8	39924775	39924777	3	*	NA	TTC	T	0	PASS	TC	TTGTCACTCTTCTTTTTCCTTCCCCT	TCTCTTCTTCATTTTCCTTCCCCTTC	2	FALSE
8	40190260	40190261	2	*	NA	CT	C	0	PASS	T	TTCATTTATTTTTTATTTTATCTTTC	TTTTTTTTTTTTTTTTTTTTTTTGAG	1	FALSE
8	57545816	57545817	2	*	NA	CT	C	0	PASS	T	GATATGTGATCTCCCCTTTATCATTC	TTTTTTTTTTTTTTTTTTTTTTTTTG	1	FALSE
8	62665054	62665055	2	*	NA	CA	C	0	PASS	A	CTCCCGGACGGGGCGGCTGGCCGGGC	GGGGGGCTGACCCCCCCCACCTCCCT	0	FALSE
8	68388052	68388058	7	*	NA	CCTTTCT	C	0	PASS	CTTTCT	TCTTTCTTTCTTTCTTTCTTTCTTTC	TTTCTTTCTTTCTTTCTTTCTTTCTT	0	FALSE
8	69007735	69007739	5	*	NA	AATAC	A	0	PASS	ATAC	AAGCTTTTTTTCAGGAACGGGGCCAA	ATACATACATACATACATACATACAT	4	TRUE
8	76199843	76199845	3	*	NA	AAT	A	0	PASS	AT	AAATAAATAAATAAATAAATAAATAA	AAATAAAAAAAAATAAAATAAAATAA	1	FALSE
8	78045528	78045529	2	*	NA	CT	C	0	PASS	T	AAGTTCTTTGCTTTGAGCGCATTATC	TTTTTTTTTTTTTTTTTTTTTTTTTG	1	FALSE
8	82893198	82893205	8	*	NA	TATATATA	T	0	PASS	ATATATA	ATATATATATATATATATATATATAT	TATTTTTTTTTTTTTTTTTTCTTACT	0	FALSE
8	86092746	86092762	17	*	NA	CATATATATATATATAT	C	0	PASS	ATATATATATATATAT	TTTAAACGCAGTTAAAGAAACTATAC	ATATATATATATATATATATATATAT	16	TRUE
8	87613004	87613010	7	*	NA	ATTTTTT	A	0	PASS	TTTTTT	AGGTGCCCACCACCACGCTCGGCTAA	TTTTTTTTTTTTTTTTTTTTTTTTTT	6	TRUE
8	89842637	89842666	30	*	NA	ATATATGTACTATATATGCATGTATGCATC	A	0	PASS	TATATGTACTATATATGCATGTATGCATC	ATGTATGCATATATAGTACATACATA	TATATGTACTATATATGCATGTATGC	26	TRUE
8	89880071	89880081	11	*	NA	ATATATATAGT	A	0	PASS	TATATATAGT	TATATTTATATTTATATATATAACTA	TATATATATTTATATATAACTATATA	8	TRUE
8	90766058	90766062	5	*	NA	ATATT	A	0	PASS	TATT	ATATATTTATATATTTAAAATATATA	TATATATTTAAAATATATATTTAAAA	3	TRUE
8	91215112	91215115	4	*	NA	CTTT	C	0	PASS	TTT	GCTGGGAGTGGGAAGGTTGGCGCATC	TTTTTTTTTTTTTTTTTTTGTGACGG	3	TRUE
8	99127616	99127619	4	*	NA	CAAA	C	0	PASS	AAA	GGGCAACAGAGTGAGACTCTGCCTCC	AAAAAAAAAAAAAAAAAAAAAAAAGG	3	TRUE
8	104696767	104696787	21	*	NA	TTTTTATTTTATTTTATTTTA	T	0	PASS	TTTTATTTTATTTTATTTTA	CATGACTACTTTCTGGTTCATACTTT	TTTTATTTTATTTTATTTTATTTTAT	20	TRUE
8	107716621	107716630	10	*	NA	CTTTTTTTTT	C	0	PASS	TTTTTTTTT	TTTTTCTTTTTCTTTCTTTCTTCTTC	TTTTTTTTTTTTTTTTTTTTTTGAGA	9	TRUE
8	109110219	109110227	9	*	NA	AGAAGGAAG	A	0	PASS	GAAGGAAG	AAAGAGAAAGGAAAGAAAGAAAGAAA	GAAGGAAGGAAGGAAGGAAGGAACGA	8	TRUE
8	109110375	109110391	17	*	NA	AGAAGGAAGGAAGGAAG	A	0	PASS	GAAGGAAGGAAGGAAG	AGGAAGGAAGGAAGGAAAGAAAGAAA	GAAAGAAAGAAAGAAAGAAAGAAAGA	3	TRUE
8	117378320	117378336	17	*	NA	GGGAAGGAAGGAAGGAA	G	0	PASS	GGAAGGAAGGAAGGAA	GAAGGAAGGAAGGAATGAAAGGGAAG	GGAAGGAAGGAAGGAAGGAAGGAAGG	16	TRUE
8	117764904	117764916	13	*	NA	GAAGAAAGAAAGA	G	0	PASS	AAGAAAGAAAGA	TAACACTGTTCATCAAGACAGAAATG	AAGAAAGAAAGAAAGAAAGAAAGAAA	12	TRUE
8	121090576	121090578	3	*	NA	CAA	C	0	PASS	AA	CCTGGGCAACAGAGAAGGACTCTGTC	AAAAAAAAAAAAAAAAAAGAGAGAGA	2	FALSE
8	134590683	134590691	9	*	NA	AAGAAAAAG	A	0	PASS	AGAAAAAG	CAAAAAAAAAAAAAAAAAAAAAAAAA	AAAAAAGAAACAAATGAAGCAAACCA	1	FALSE
8	135202674	135202679	6	*	NA	GGTTGT	G	0	PASS	GTTGT	ATGTCCTTTGCCCACTTTTTGATGGG	TTGTTTTTTTCTTGTAAATTTGTTTG	0	FALSE
8	136527608	136527616	9	*	NA	TAAAAAAAA	T	0	PASS	AAAAAAAA	TGGGCGACAGAGCGAGACTCCGTCTT	AAAAAAAAAAAAAAAAAAAAAAAAAA	8	TRUE
8	136658235	136658238	4	*	NA	ATTT	A	0	PASS	TTT	TGAAGCTGTGATGGCTGCACCTTGGA	TTTTTTTTTTTTTTTTTTTTTTTTTT	3	TRUE
8	145243352	145243357	6	*	NA	ATTTTT	A	0	PASS	TTTTT	CTGGGTCAGGTGCTACCACTGCCCAA	TTTTTTTTTTTTTTTTTTTTTTTTTT	5	TRUE
9	528469	528470	2	*	NA	CT	C	0	PASS	T	ACCATTTTACTGAATTAAAAAATAAC	TTTTTTTTTTTTTTTTTTTTTTTTTT	1	FALSE
9	12386854	12386860	7	*	NA	CATATAT	C	0	PASS	ATATAT	GGGCTAAGGTAGCCTAATGTGCATGC	ATATATATATATATGTGTGTGTGTGT	6	TRUE
9	15363368	15363370	3	*	NA	CAT	C	0	PASS	AT	GACACTATGTTTACATTAAAAAGTCC	ATATATATATATATATATATATATAT	2	FALSE
9	22905411	22905412	2	*	NA	AT	A	0	PASS	T	CAGGATTTGCACTCCAATCTCTTCTA	TTTTTTTTTTTCTTCTAGAGACAGGG	1	FALSE
9	23289830	23289832	3	*	NA	CAA	C	0	PASS	AA	TGGGTGACTGAGCAAGACTCCGTCTC	AAAAAAAAAAAAAAAAAAAAAATAGA	2	FALSE
9	23627439	23627453	15	*	NA	GTATATATATATATA	G	0	PASS	TATATATATATATA	GCTCATGTATCCCAGAACTTAAAGTG	TATATATATATATATATATATATATA	14	TRUE
9	27875866	27875868	3	*	NA	AAC	A	0	PASS	AC	TTTGTGGTATTGTAAAAAAAAAAAAA	AAAAAACAAAAAACAAAACAAAAAAA	1	FALSE
9	28848158	28848164	7	*	NA	ATATAGT	A	0	PASS	TATAGT	GCATATATATACTATATATACGCATA	GTGTATATATACACACTATATATACA	0	FALSE
9	36156382	36156384	3	*	NA	TAA	T	0	PASS	AA	CTGGACAACAGAGTGAAGCCATGTCT	AAAAAAAAAAAAAAAAAAAAAAAAAG	2	FALSE
9	36792750	36792752	3	*	NA	CCA	C	0	PASS	CA	ATGAAAACTCTCTCTCTCTCTCTCTC	CACACACACACACACACACACACACA	2	FALSE
9	38460769	38460774	6	*	NA	CTTTTT	C	0	PASS	TTTTT	GCCACCGCACCTGGTGAGAAAGGATC	TTTTTTTTTTTTTTTTTTTTTTACAA	5	TRUE
9	42166663	42166667	5	*	NA	CCTTT	T	0	PASS	CTTT	CTCAGATAATTTTGGTCGTTGATGAC	CTAAGCTAATTCCTATTTTAGAATGC	2	FALSE
9	42345192	42345196	5	*	NA	GTTTT	G	0	PASS	TTTT	CATTCCTCATTATTGGTCTGTTCAGG	TTATTTTTATTTTTTATCATTCTATC	2	FALSE
9	66561456	66561457	2	*	NA	TC	T	0	PASS	C	CATCTAAAGTTTGAAGTTCCACAGAT	CCTAGAGTAGGAGCACAATGCCACCA	1	FALSE
9	68465929	68465930	2	*	NA	CT	C	0	PASS	T	AAAGGATGTCTAATTTTGTCAAATGC	TTTTTCTGCATCTATTGAAATTATTA	1	FALSE
9	69053034	69053036	3	*	NA	TAA	T	0	PASS	AA	AAGGGACAAAAAGGTACAAAAATTCT	AAGACAACAAGAAAACAGTATATGGC	2	FALSE
9	69148405	69148411	7	*	NA	TGTGTAC	T	0	PASS	GTGTAC	GTGTGTGTGTGTGTGTGTGTGTGTGT	GTACCCTCCCACCCCGACCATTTGTT	2	FALSE
9	70871931	70871938	8	*	NA	GGTTTTTT	G	0	PASS	GTTTTTT	AAAACAGTTTTCTTTTATCTTTCTTG	TTTTTGTTTTTTTTTTTTTTTTCTGA	0	FALSE
9	73120523	73120524	2	*	NA	CT	C	0	PASS	T	TTTTCTTTTTCTTTTCTTTTCTTTCC	TTTTCTTTTCTTTTTTTTTTTTTTGA	1	FALSE
9	74543102	74543110	9	*	NA	CAAAAAAAA	C	0	PASS	AAAAAAAA	TGGGCAACAGAATGAGGCTCTGTCTC	AAAAAAAAAAAAAAAAAAAAAGGCAA	8	TRUE
9	78966526	78966527	2	*	NA	GA	G	0	PASS	A	GAGAGAGAGAAAGAAAGAGAAGAAAG	AAAAGAAAGAGAAAGAAAGAGAGAGA	1	FALSE
9	83373055	83373059	5	*	NA	CACAT	C	0	PASS	ACAT	ATACACATATATGTATATATACACAC	ATATACACACATATATATGTGTATAT	1	FALSE
9	87539144	87539152	9	*	NA	TAGAAAGAA	T	0	PASS	AGAAAGAA	GAGACCCTGTCTCAAAGAAAGAAAGT	AGAAAGAAAGAAAGAAAGAAAGAAAG	8	TRUE
9	99219041	99219046	6	*	NA	CAAAAA	C	0	PASS	AAAAA	TGGGCAACAGAGCAAGACTCCATCTC	AAAAAAAAAAAAAAAAATATATATAT	5	TRUE
9	101008949	101008950	2	*	NA	TC	T	0	PASS	C	TTCTGGGAGGTGGAGACAGAGTCTTT	CAACCCAGGTCAGGGGAAACTTCCTG	1	FALSE
9	105919372	105919373	2	*	NA	AT	A	0	PASS	T	AATTCTGTAAGTAATGTTATTGGTAA	TTAATAGGAACAGCATTGAATTTGTA	1	FALSE
9	112272838	112272842	5	*	NA	TAAAA	T	0	PASS	AAAA	GGGCAACAAGAGCGAAACTTTGTCTT	AAAAAAAAAAAAAAATATATATATAT	4	TRUE
9	113007933	113007934	2	*	NA	TA	T	0	PASS	A	ATATATATATATATATATATATATAT	TTTTTTTTTTTTTTTTTTTATAGGGA	0	FALSE
9	118060341	118060344	4	*	NA	CAAA	C	0	PASS	AAA	ACTCCGTCTCAAAAAAAAAAAAAAAC	AAAAAAAAAACAAAAAAAAAAACAGG	3	TRUE
9	123764518	123764532	15	*	NA	ATATGTATATATATG	A	0	PASS	TATGTATATATATG	CGTATATATATATATGTATATATGTA	TATATATGTATATATATGTATATATA	3	TRUE
9	126610507	126610509	3	*	NA	TAA	T	0	PASS	AA	TTATTGCACTTCAAAGATACTGCTTT	AAAAAAAAAAAAAAAAAAAAAAAAAA	2	FALSE
9	126709250	126709251	2	*	NA	AT	A	0	PASS	T	AAGAATAAGTGATGCCAGTCGTGAGA	TTTTTTTTTTTTTTTTTTTTTGAGAT	1	FALSE
9	128130930	128130932	3	*	NA	TTA	T	0	PASS	TA	GGGTAGTAAAATATAGCCCATAGATT	AAAAAAAAAAAAAAAAAAAAAAAGAC	0	FALSE
9	131592911	131592929	19	*	NA	CTTTTTTTTTTTTTTTTTT	C	0	PASS	TTTTTTTTTTTTTTTTTT	ACAGGCGTGACCCACTGCACCCGGCC	TTTTTTTTTTTTTTTTTTTGAGACAG	18	TRUE
9	135583474	135583480	7	*	NA	AAGAAAG	A	0	PASS	AGAAAG	CACCGTCTCAAAAAAAAAAAAAAAAA	AAAGAAAGAAAGAAAAAGCGGGCGCT	1	FALSE
9	135840130	135840131	2	*	NA	CT	C	0	PASS	T	GATTATCTCAAAACAATTTTTCTTCC	TTTTTTTTTTTTTTTTTTTTTTTTTT	1	FALSE
9	138017842	138017843	2	*	NA	GT	G	0	PASS	T	ATTTTGTGTGTGTGTGTGTGTGTGTG	TTTGTTTTGTTTTTTGTTTTGTTTTT	1	FALSE
9	139346901	139346906	6	*	NA	CAAAAA	C	0	PASS	AAAAA	TGGGCGACAGAGAGAAACTCCATCTC	AAAAAAAAAAAAAAAAAAAAAAAAGA	5	TRUE
